1 image, 10 features
0,0.682,0.914,0.98,0.994,0.998,1.0,1.0,1.0,1.0,1.0,1.0,1.0,1.0,1.0,1.0,1.0,1.0,1.0,1.0,1.0
1,0.627,0.898,0.966,0.986,0.998,0.998,1.0,1.0,1.0,1.0,1.0,1.0,1.0,1.0,1.0,1.0,1.0,1.0,1.0,1.0
2,0.662,0.902,0.973,0.994,0.998,1.0,1.0,1.0,1.0,1.0,1.0,1.0,1.0,1.0,1.0,1.0,1.0,1.0,1.0,1.0
3,0.62,0.864,0.949,0.981,0.996,0.995,0.999,1.0,1.0,1.0,1.0,1.0,1.0,1.0,1.0,1.0,1.0,1.0,1.0,1.0
4,0.654,0.895,0.964,0.993,0.997,0.999,1.0,1.0,1.0,1.0,1.0,1.0,1.0,1.0,1.0,1.0,1.0,1.0,1.0,1.0
5,0.702,0.915,0.982,0.997,0.996,1.0,1.0,1.0,1.0,1.0,1.0,1.0,1.0,1.0,1.0,1.0,1.0,1.0,1.0,1.0
6,0.633,0.868,0.95,0.99,0.996,1.0,1.0,1.0,1.0,1.0,1.0,1.0,1.0,1.0,1.0,1.0,1.0,1.0,1.0,1.0
7,0.637,0.873,0.963,0.983,0.997,0.998,1.0,1.0,0.999,1.0,1.0,1.0,1.0,1.0,1.0,1.0,1.0,1.0,1.0,1.0
8,0.599,0.865,0.952,0.981,0.996,0.996,1.0,1.0,1.0,1.0,1.0,1.0,1.0,1.0,1.0,1.0,1.0,1.0,1.0,1.0
9,0.613,0.906,0.971,0.993,0.994,0.999,1.0,1.0,1.0,1.0,1.0,1.0,1.0,1.0,1.0,1.0,1.0,1.0,1.0,1.0
10,0.688,0.897,0.969,0.993,0.999,0.998,1.0,1.0,1.0,1.0,1.0,1.0,1.0,1.0,1.0,1.0,1.0,1.0,1.0,1.0
11,0.607,0.874,0.952,0.985,0.996,0.999,0.999,1.0,1.0,0.999,1.0,1.0,1.0,1.0,1.0,1.0,1.0,1.0,1.0,1.0
12,0.652,0.87,0.963,0.986,0.997,0.997,1.0,1.0,1.0,1.0,1.0,1.0,1.0,1.0,1.0,1.0,1.0,1.0,1.0,1.0
13,0.666,0.892,0.975,0.988,0.997,1.0,1.0,1.0,1.0,1.0,1.0,1.0,1.0,1.0,1.0,1.0,1.0,1.0,1.0,1.0
14,0.667,0.888,0.976,0.992,0.999,1.0,1.0,1.0,1.0,1.0,1.0,1.0,1.0,1.0,1.0,1.0,1.0,1.0,1.0,1.0
15,0.611,0.854,0.964,0.985,0.996,1.0,0.999,1.0,0.999,1.0,1.0,1.0,1.0,1.0,1.0,1.0,1.0,1.0,1.0,1.0
16,0.614,0.862,0.96,0.985,0.995,0.999,1.0,1.0,1.0,1.0,1.0,1.0,1.0,1.0,1.0,1.0,1.0,1.0,1.0,1.0
17,0.649,0.892,0.972,0.995,0.994,0.999,1.0,1.0,1.0,1.0,1.0,1.0,1.0,1.0,1.0,1.0,1.0,1.0,1.0,1.0
18,0.578,0.873,0.94,0.984,0.995,0.995,0.997,1.0,1.0,1.0,1.0,1.0,1.0,1.0,1.0,1.0,1.0,1.0,1.0,1.0
19,0.656,0.915,0.971,0.988,0.999,0.999,1.0,1.0,1.0,1.0,1.0,1.0,1.0,1.0,1.0,1.0,1.0,1.0,1.0,1.0
20,0.669,0.898,0.984,0.983,0.998,1.0,1.0,1.0,1.0,1.0,1.0,1.0,1.0,1.0,1.0,1.0,1.0,1.0,1.0,1.0
21,0.657,0.894,0.967,0.993,0.998,1.0,1.0,1.0,1.0,1.0,1.0,1.0,1.0,1.0,1.0,1.0,1.0,1.0,1.0,1.0
22,0.611,0.852,0.94,0.991,0.997,1.0,0.999,1.0,1.0,1.0,1.0,1.0,1.0,1.0,1.0,1.0,1.0,1.0,1.0,1.0
23,0.655,0.876,0.967,0.991,0.998,0.999,1.0,1.0,1.0,1.0,1.0,1.0,1.0,1.0,1.0,1.0,1.0,1.0,1.0,1.0
24,0.585,0.845,0.956,0.977,0.995,0.999,0.999,1.0,0.999,1.0,1.0,1.0,1.0,1.0,1.0,1.0,1.0,1.0,1.0,1.0
25,0.622,0.85,0.945,0.977,0.995,0.996,0.999,1.0,1.0,1.0,1.0,1.0,1.0,1.0,1.0,1.0,1.0,1.0,1.0,1.0
26,0.67,0.913,0.975,0.993,1.0,0.999,1.0,1.0,1.0,1.0,1.0,1.0,1.0,1.0,1.0,1.0,1.0,1.0,1.0,1.0
27,0.68,0.92,0.974,0.997,1.0,1.0,1.0,1.0,1.0,1.0,1.0,1.0,1.0,1.0,1.0,1.0,1.0,1.0,1.0,1.0
28,0.614,0.854,0.951,0.977,0.995,0.999,1.0,1.0,0.999,1.0,1.0,1.0,1.0,1.0,1.0,1.0,1.0,1.0,1.0,1.0
29,0.6,0.852,0.951,0.983,0.992,0.999,1.0,0.999,1.0,1.0,1.0,1.0,1.0,1.0,1.0,1.0,1.0,1.0,1.0,1.0
average,0.6393333333333335,0.8823666666666666,0.9634000000000001,0.9878333333333333,0.9967000000000004,0.9987333333333331,0.9996999999999999,0.9999666666666667,0.9998666666666665,0.9999666666666668,1.0,1.0,1.0,1.0,1.0,1.0,1.0,1.0,1.0,1.0
stdev,0.03230921010286797,0.02292488985170146,0.012299705631464923,0.005965899263563589,0.0018781869467378795,0.0015070714541175864,0.0006512587281829577,0.00018257418583505553,0.0003457459036417607,0.00018257418583505553,0.0,0.0,0.0,0.0,0.0,0.0,0.0,0.0,0.0,0.0

1 image, 20 features
0,0.644,0.874,0.961,0.985,0.997,0.996,0.999,1.0,1.0,1.0,1.0,1.0,1.0,1.0,1.0,1.0,1.0,1.0,1.0,1.0
1,0.643,0.864,0.954,0.985,0.995,0.998,0.997,1.0,1.0,1.0,1.0,1.0,1.0,1.0,1.0,1.0,1.0,1.0,1.0,1.0
2,0.579,0.818,0.919,0.967,0.986,0.994,0.999,0.998,1.0,1.0,1.0,1.0,1.0,1.0,1.0,1.0,1.0,1.0,1.0,1.0
3,0.581,0.833,0.916,0.983,0.991,0.997,0.999,1.0,1.0,1.0,1.0,1.0,1.0,1.0,1.0,1.0,1.0,1.0,1.0,1.0
4,0.642,0.869,0.968,0.985,0.998,0.997,1.0,1.0,1.0,1.0,1.0,1.0,1.0,1.0,1.0,1.0,1.0,1.0,1.0,1.0
5,0.661,0.885,0.966,0.984,0.999,0.999,1.0,1.0,1.0,1.0,1.0,1.0,1.0,1.0,1.0,1.0,1.0,1.0,1.0,1.0
6,0.588,0.86,0.961,0.987,0.996,0.996,0.998,0.999,1.0,1.0,1.0,1.0,1.0,1.0,1.0,1.0,1.0,1.0,1.0,1.0
7,0.605,0.867,0.967,0.988,0.997,0.995,1.0,1.0,1.0,1.0,1.0,1.0,1.0,1.0,1.0,1.0,1.0,1.0,1.0,1.0
8,0.665,0.881,0.962,0.991,0.999,0.999,1.0,1.0,1.0,1.0,1.0,1.0,1.0,1.0,1.0,1.0,1.0,1.0,1.0,1.0
9,0.555,0.809,0.896,0.962,0.983,0.998,0.997,0.999,1.0,0.999,1.0,1.0,1.0,1.0,1.0,1.0,1.0,1.0,1.0,1.0
10,0.616,0.868,0.94,0.982,0.995,1.0,0.999,1.0,1.0,1.0,1.0,1.0,1.0,1.0,1.0,1.0,1.0,1.0,1.0,1.0
11,0.673,0.897,0.968,0.991,0.998,1.0,0.999,1.0,1.0,1.0,1.0,1.0,1.0,1.0,1.0,1.0,1.0,1.0,1.0,1.0
12,0.656,0.91,0.961,0.99,0.996,1.0,1.0,1.0,1.0,1.0,1.0,1.0,1.0,1.0,1.0,1.0,1.0,1.0,1.0,1.0
13,0.681,0.876,0.965,0.991,0.997,0.998,1.0,1.0,1.0,1.0,1.0,1.0,1.0,1.0,1.0,1.0,1.0,1.0,1.0,1.0
14,0.574,0.811,0.937,0.947,0.982,0.995,0.999,0.999,0.999,1.0,1.0,1.0,1.0,1.0,1.0,1.0,1.0,1.0,1.0,1.0
15,0.537,0.828,0.914,0.967,0.992,0.997,1.0,1.0,0.999,1.0,1.0,1.0,1.0,1.0,1.0,1.0,1.0,1.0,1.0,1.0
16,0.659,0.872,0.98,0.991,0.998,0.999,0.999,1.0,1.0,1.0,1.0,1.0,1.0,1.0,1.0,1.0,1.0,1.0,1.0,1.0
17,0.592,0.86,0.946,0.985,0.999,0.998,0.998,1.0,1.0,1.0,1.0,1.0,1.0,1.0,1.0,1.0,1.0,1.0,1.0,1.0
18,0.678,0.905,0.978,0.991,0.998,0.999,1.0,1.0,1.0,1.0,1.0,1.0,1.0,1.0,1.0,1.0,1.0,1.0,1.0,1.0
19,0.634,0.872,0.964,0.994,0.996,1.0,1.0,0.999,1.0,1.0,1.0,1.0,1.0,1.0,1.0,1.0,1.0,1.0,1.0,1.0
20,0.643,0.898,0.962,0.994,0.998,0.999,1.0,1.0,1.0,1.0,1.0,1.0,1.0,1.0,1.0,1.0,1.0,1.0,1.0,1.0
21,0.607,0.849,0.957,0.984,0.997,0.999,1.0,0.999,1.0,1.0,1.0,1.0,1.0,1.0,1.0,1.0,1.0,1.0,1.0,1.0
22,0.576,0.815,0.918,0.974,0.983,0.999,1.0,0.999,0.999,1.0,1.0,1.0,1.0,1.0,1.0,1.0,1.0,1.0,1.0,1.0
23,0.559,0.825,0.919,0.966,0.988,0.996,0.999,0.999,1.0,1.0,1.0,1.0,1.0,1.0,1.0,1.0,1.0,1.0,1.0,1.0
24,0.595,0.855,0.939,0.977,0.993,0.997,1.0,0.999,1.0,1.0,1.0,1.0,1.0,1.0,1.0,1.0,1.0,1.0,1.0,1.0
25,0.64,0.898,0.955,0.985,0.992,0.998,1.0,1.0,1.0,1.0,1.0,1.0,1.0,1.0,1.0,1.0,1.0,1.0,1.0,1.0
26,0.614,0.833,0.945,0.979,0.987,0.995,0.999,1.0,1.0,1.0,1.0,1.0,1.0,1.0,1.0,1.0,1.0,1.0,1.0,1.0
27,0.66,0.896,0.959,0.992,0.994,1.0,1.0,1.0,1.0,1.0,1.0,1.0,1.0,1.0,1.0,1.0,1.0,1.0,1.0,1.0
28,0.639,0.845,0.94,0.972,0.995,0.998,1.0,1.0,1.0,1.0,1.0,1.0,1.0,1.0,1.0,1.0,1.0,1.0,1.0,1.0
29,0.608,0.856,0.955,0.981,0.994,0.999,1.0,1.0,1.0,1.0,1.0,1.0,1.0,1.0,1.0,1.0,1.0,1.0,1.0,1.0
average,0.6201333333333334,0.8609666666666667,0.9490666666666666,0.9816666666666667,0.9937666666666666,0.9978333333333331,0.9993666666666667,0.9996666666666665,0.9999,0.9999666666666668,1.0,1.0,1.0,1.0,1.0,1.0,1.0,1.0,1.0,1.0
stdev,0.03991519746294322,0.02933220347876274,0.02114308125741067,0.010983791611320735,0.005110390587227461,0.001723735585238089,0.0008899179866642247,0.0005466722735905345,0.00030512857662936497,0.00018257418583505553,0.0,0.0,0.0,0.0,0.0,0.0,0.0,0.0,0.0,0.0

1 image, 30 features
0,0.562,0.856,0.949,0.976,0.992,0.998,0.999,1.0,1.0,1.0,1.0,1.0,1.0,1.0,1.0,1.0,1.0,1.0,1.0,1.0
1,0.628,0.863,0.943,0.977,0.993,0.998,0.999,1.0,1.0,1.0,1.0,1.0,1.0,1.0,1.0,1.0,1.0,1.0,1.0,1.0
2,0.657,0.862,0.969,0.994,0.995,0.999,1.0,1.0,1.0,1.0,1.0,1.0,1.0,1.0,1.0,1.0,1.0,1.0,1.0,1.0
3,0.631,0.86,0.961,0.981,0.996,0.999,0.999,0.999,1.0,1.0,1.0,1.0,1.0,1.0,1.0,1.0,1.0,1.0,1.0,1.0
4,0.664,0.866,0.971,0.989,0.995,1.0,1.0,1.0,1.0,1.0,1.0,1.0,1.0,1.0,1.0,1.0,1.0,1.0,1.0,1.0
5,0.605,0.832,0.939,0.978,0.991,0.998,1.0,0.999,1.0,1.0,1.0,1.0,1.0,1.0,1.0,1.0,1.0,1.0,1.0,1.0
6,0.6,0.859,0.938,0.976,0.99,0.998,0.999,1.0,1.0,1.0,1.0,1.0,1.0,1.0,1.0,1.0,1.0,1.0,1.0,1.0
7,0.625,0.888,0.953,0.989,0.996,1.0,1.0,1.0,1.0,1.0,1.0,1.0,1.0,1.0,1.0,1.0,1.0,1.0,1.0,1.0
8,0.683,0.895,0.959,0.989,0.997,0.999,0.999,1.0,1.0,1.0,1.0,1.0,1.0,1.0,1.0,1.0,1.0,1.0,1.0,1.0
9,0.545,0.818,0.924,0.975,0.987,0.997,0.997,1.0,1.0,1.0,1.0,1.0,1.0,1.0,1.0,1.0,1.0,1.0,1.0,1.0
10,0.61,0.837,0.939,0.984,0.992,0.997,1.0,0.999,0.999,1.0,1.0,1.0,1.0,1.0,1.0,1.0,1.0,1.0,1.0,1.0
11,0.639,0.872,0.956,0.98,0.995,0.999,1.0,1.0,1.0,1.0,1.0,1.0,1.0,1.0,1.0,1.0,1.0,1.0,1.0,1.0
12,0.607,0.875,0.961,0.984,0.997,0.999,0.999,1.0,1.0,1.0,1.0,1.0,1.0,1.0,1.0,1.0,1.0,1.0,1.0,1.0
13,0.608,0.82,0.935,0.973,0.993,0.998,0.999,0.999,1.0,1.0,1.0,1.0,1.0,1.0,1.0,1.0,1.0,1.0,1.0,1.0
14,0.661,0.852,0.953,0.989,0.995,0.998,0.999,1.0,1.0,1.0,1.0,1.0,1.0,1.0,1.0,1.0,1.0,1.0,1.0,1.0
15,0.595,0.838,0.937,0.984,0.988,0.997,0.999,1.0,0.999,1.0,1.0,1.0,1.0,1.0,1.0,1.0,1.0,1.0,1.0,1.0
16,0.624,0.858,0.957,0.981,0.999,0.997,1.0,0.999,1.0,1.0,1.0,1.0,1.0,1.0,1.0,1.0,1.0,1.0,1.0,1.0
17,0.612,0.847,0.945,0.982,0.989,0.999,0.999,1.0,1.0,1.0,1.0,1.0,1.0,1.0,1.0,1.0,1.0,1.0,1.0,1.0
18,0.622,0.849,0.96,0.979,0.993,0.997,1.0,1.0,1.0,1.0,1.0,1.0,1.0,1.0,1.0,1.0,1.0,1.0,1.0,1.0
19,0.634,0.901,0.968,0.988,0.999,1.0,1.0,0.999,1.0,0.999,1.0,1.0,1.0,1.0,1.0,1.0,1.0,1.0,1.0,1.0
20,0.599,0.868,0.951,0.99,0.995,0.996,0.999,1.0,1.0,1.0,1.0,1.0,1.0,1.0,1.0,1.0,1.0,1.0,1.0,1.0
21,0.572,0.838,0.941,0.966,0.99,0.997,0.999,1.0,0.998,1.0,1.0,1.0,1.0,1.0,1.0,1.0,1.0,1.0,1.0,1.0
22,0.6,0.868,0.948,0.986,0.994,0.998,1.0,1.0,1.0,1.0,1.0,1.0,1.0,1.0,1.0,1.0,1.0,1.0,1.0,1.0
23,0.643,0.873,0.967,0.984,0.994,0.997,1.0,1.0,1.0,1.0,1.0,1.0,1.0,1.0,1.0,1.0,1.0,1.0,1.0,1.0
24,0.614,0.861,0.936,0.981,0.996,0.996,0.998,0.999,1.0,1.0,1.0,1.0,1.0,1.0,1.0,1.0,1.0,1.0,1.0,1.0
25,0.653,0.876,0.956,0.992,0.995,0.999,1.0,1.0,1.0,1.0,1.0,1.0,1.0,1.0,1.0,1.0,1.0,1.0,1.0,1.0
26,0.593,0.823,0.922,0.977,0.992,0.997,0.997,0.999,1.0,1.0,1.0,1.0,1.0,1.0,1.0,1.0,1.0,1.0,1.0,1.0
27,0.61,0.852,0.951,0.98,0.993,0.996,0.999,0.998,1.0,1.0,1.0,1.0,1.0,1.0,1.0,1.0,1.0,1.0,1.0,1.0
28,0.593,0.852,0.937,0.987,0.993,0.997,1.0,1.0,0.999,1.0,1.0,1.0,1.0,1.0,1.0,1.0,1.0,1.0,1.0,1.0
29,0.627,0.887,0.951,0.991,0.995,0.999,1.0,1.0,1.0,1.0,1.0,1.0,1.0,1.0,1.0,1.0,1.0,1.0,1.0,1.0
average,0.6172,0.8582,0.9492333333333334,0.9827333333333333,0.9936333333333331,0.9979666666666664,0.9992999999999999,0.9996666666666666,0.9998333333333334,0.9999666666666667,1.0,1.0,1.0,1.0,1.0,1.0,1.0,1.0,1.0,1.0
stdev,0.030302384110142577,0.02101789057298405,0.012767640489854045,0.006448380354430279,0.002941772083031886,0.0011885468767200231,0.0008366600265340763,0.0005466722735905345,0.0004611330373774145,0.00018257418583505553,0.0,0.0,0.0,0.0,0.0,0.0,0.0,0.0,0.0,0.0

1 image, 40 features
0,0.626,0.873,0.964,0.988,0.998,0.999,0.999,0.999,1.0,1.0,1.0,1.0,1.0,1.0,1.0,1.0,1.0,1.0,1.0,1.0
1,0.603,0.844,0.928,0.971,0.996,0.997,0.996,0.998,1.0,1.0,1.0,1.0,1.0,1.0,1.0,1.0,1.0,1.0,1.0,1.0
2,0.614,0.855,0.951,0.984,0.996,0.996,1.0,1.0,1.0,1.0,1.0,1.0,1.0,1.0,1.0,1.0,1.0,1.0,1.0,1.0
3,0.68,0.896,0.97,0.987,0.997,0.999,1.0,1.0,1.0,1.0,1.0,1.0,1.0,1.0,1.0,1.0,1.0,1.0,1.0,1.0
4,0.536,0.798,0.931,0.964,0.979,0.996,0.996,0.999,0.999,0.999,1.0,1.0,1.0,1.0,1.0,1.0,1.0,1.0,1.0,1.0
5,0.615,0.822,0.942,0.978,0.996,0.999,1.0,1.0,1.0,1.0,1.0,1.0,1.0,1.0,1.0,1.0,1.0,1.0,1.0,1.0
6,0.592,0.831,0.923,0.983,0.991,0.998,0.997,1.0,1.0,1.0,1.0,1.0,1.0,1.0,1.0,1.0,1.0,1.0,1.0,1.0
7,0.576,0.847,0.941,0.98,0.996,0.999,1.0,0.999,1.0,1.0,1.0,1.0,1.0,1.0,1.0,1.0,1.0,1.0,1.0,1.0
8,0.611,0.858,0.949,0.98,0.995,0.999,1.0,0.999,1.0,1.0,1.0,1.0,1.0,1.0,1.0,1.0,1.0,1.0,1.0,1.0
9,0.558,0.814,0.918,0.968,0.984,0.99,0.999,1.0,1.0,1.0,1.0,1.0,1.0,1.0,1.0,1.0,1.0,1.0,1.0,1.0
10,0.574,0.82,0.924,0.969,0.986,0.997,0.998,1.0,1.0,1.0,1.0,1.0,1.0,1.0,1.0,1.0,1.0,1.0,1.0,1.0
11,0.597,0.845,0.941,0.982,0.991,0.999,1.0,0.999,1.0,1.0,1.0,1.0,1.0,1.0,1.0,1.0,1.0,1.0,1.0,1.0
12,0.611,0.844,0.957,0.976,0.991,0.996,0.999,1.0,1.0,1.0,1.0,1.0,1.0,1.0,1.0,1.0,1.0,1.0,1.0,1.0
13,0.58,0.838,0.926,0.977,0.991,0.994,0.998,0.999,1.0,0.999,1.0,1.0,1.0,1.0,1.0,1.0,1.0,1.0,1.0,1.0
14,0.656,0.878,0.966,0.986,0.999,0.999,1.0,1.0,1.0,1.0,1.0,1.0,1.0,1.0,1.0,1.0,1.0,1.0,1.0,1.0
15,0.596,0.858,0.932,0.978,0.99,1.0,0.997,1.0,1.0,1.0,1.0,1.0,1.0,1.0,1.0,1.0,1.0,1.0,1.0,1.0
16,0.613,0.863,0.946,0.982,0.995,0.999,1.0,1.0,1.0,1.0,1.0,1.0,1.0,1.0,1.0,1.0,1.0,1.0,1.0,1.0
17,0.591,0.857,0.937,0.979,0.993,0.998,0.998,1.0,1.0,1.0,0.999,1.0,1.0,1.0,1.0,1.0,1.0,1.0,1.0,1.0
18,0.569,0.818,0.926,0.978,0.99,0.996,0.997,0.999,1.0,1.0,1.0,1.0,1.0,1.0,1.0,1.0,1.0,1.0,1.0,1.0
19,0.629,0.858,0.944,0.984,0.995,1.0,1.0,1.0,1.0,1.0,1.0,1.0,1.0,1.0,1.0,1.0,1.0,1.0,1.0,1.0
20,0.605,0.858,0.95,0.982,0.992,1.0,0.999,1.0,1.0,1.0,1.0,1.0,1.0,1.0,1.0,1.0,1.0,1.0,1.0,1.0
21,0.606,0.866,0.951,0.975,0.998,1.0,0.999,1.0,0.999,1.0,1.0,1.0,1.0,1.0,1.0,1.0,1.0,1.0,1.0,1.0
22,0.627,0.876,0.949,0.982,0.993,0.998,0.999,0.999,1.0,1.0,1.0,1.0,1.0,1.0,1.0,1.0,1.0,1.0,1.0,1.0
23,0.658,0.88,0.962,0.988,0.995,1.0,0.999,1.0,1.0,1.0,1.0,1.0,1.0,1.0,1.0,1.0,1.0,1.0,1.0,1.0
24,0.599,0.849,0.942,0.973,0.994,0.996,1.0,1.0,1.0,1.0,1.0,1.0,1.0,1.0,1.0,1.0,1.0,1.0,1.0,1.0
25,0.604,0.831,0.923,0.978,0.989,0.995,0.998,1.0,1.0,1.0,1.0,1.0,1.0,1.0,1.0,1.0,1.0,1.0,1.0,1.0
26,0.561,0.804,0.91,0.961,0.983,0.996,0.999,0.999,1.0,1.0,1.0,1.0,1.0,1.0,1.0,1.0,1.0,1.0,1.0,1.0
27,0.577,0.839,0.933,0.963,0.988,0.995,0.998,0.997,1.0,1.0,1.0,1.0,1.0,1.0,1.0,1.0,1.0,1.0,1.0,1.0
28,0.647,0.87,0.961,0.988,0.995,1.0,1.0,1.0,1.0,1.0,1.0,1.0,1.0,1.0,1.0,1.0,1.0,1.0,1.0,1.0
29,0.628,0.866,0.953,0.991,0.997,0.998,1.0,0.999,1.0,1.0,1.0,1.0,1.0,1.0,1.0,1.0,1.0,1.0,1.0,1.0
average,0.6046333333333332,0.8485333333333333,0.9416666666666667,0.9784999999999999,0.9924333333333333,0.9976,0.9988333333333332,0.9994999999999998,0.9999333333333332,0.9999333333333332,0.9999666666666667,1.0,1.0,1.0,1.0,1.0,1.0,1.0,1.0,1.0
stdev,0.03168104331847559,0.023685778263633713,0.015508247712956991,0.007780390912969656,0.004797149536772953,0.002283373185322164,0.0012617266038997944,0.0007310832774866968,0.0002537081317024627,0.0002537081317024627,0.00018257418583505553,0.0,0.0,0.0,0.0,0.0,0.0,0.0,0.0,0.0

1 image, 50 features
0,0.566,0.841,0.944,0.97,0.988,0.996,1.0,1.0,1.0,1.0,1.0,1.0,1.0,1.0,1.0,1.0,1.0,1.0,1.0,1.0
1,0.627,0.868,0.952,0.988,0.991,1.0,1.0,1.0,1.0,1.0,1.0,1.0,1.0,1.0,1.0,1.0,1.0,1.0,1.0,1.0
2,0.58,0.839,0.934,0.975,0.989,0.992,0.999,1.0,1.0,1.0,1.0,1.0,1.0,1.0,1.0,1.0,1.0,1.0,1.0,1.0
3,0.565,0.827,0.934,0.98,0.991,0.993,1.0,1.0,0.999,1.0,1.0,1.0,1.0,1.0,1.0,1.0,1.0,1.0,1.0,1.0
4,0.601,0.838,0.945,0.975,0.996,1.0,0.999,1.0,1.0,1.0,1.0,1.0,1.0,1.0,1.0,1.0,1.0,1.0,1.0,1.0
5,0.608,0.856,0.938,0.965,0.991,0.999,1.0,1.0,1.0,1.0,1.0,1.0,1.0,1.0,1.0,1.0,1.0,1.0,1.0,1.0
6,0.632,0.832,0.922,0.969,0.99,0.996,0.999,1.0,1.0,1.0,1.0,1.0,1.0,1.0,1.0,1.0,1.0,1.0,1.0,1.0
7,0.604,0.854,0.95,0.983,0.991,0.997,1.0,1.0,1.0,1.0,1.0,1.0,1.0,1.0,1.0,1.0,1.0,1.0,1.0,1.0
8,0.596,0.837,0.942,0.973,0.993,0.997,1.0,0.999,1.0,0.999,1.0,1.0,1.0,1.0,1.0,1.0,1.0,1.0,1.0,1.0
9,0.58,0.821,0.927,0.967,0.985,0.993,0.998,1.0,1.0,1.0,1.0,1.0,1.0,1.0,1.0,1.0,1.0,1.0,1.0,1.0
10,0.579,0.779,0.912,0.968,0.986,0.998,1.0,1.0,0.998,1.0,1.0,1.0,1.0,1.0,1.0,1.0,1.0,1.0,1.0,1.0
11,0.599,0.849,0.939,0.976,0.99,0.997,1.0,1.0,1.0,1.0,1.0,1.0,1.0,1.0,1.0,1.0,1.0,1.0,1.0,1.0
12,0.615,0.827,0.93,0.968,0.987,0.992,0.997,1.0,1.0,1.0,1.0,1.0,1.0,1.0,1.0,1.0,1.0,1.0,1.0,1.0
13,0.596,0.841,0.946,0.974,0.995,0.997,0.999,0.999,1.0,1.0,1.0,1.0,1.0,1.0,1.0,1.0,1.0,1.0,1.0,1.0
14,0.642,0.859,0.953,0.985,0.995,1.0,0.999,1.0,1.0,1.0,1.0,1.0,1.0,1.0,1.0,1.0,1.0,1.0,1.0,1.0
15,0.566,0.823,0.917,0.968,0.987,0.997,0.997,1.0,1.0,1.0,1.0,1.0,1.0,1.0,1.0,1.0,1.0,1.0,1.0,1.0
16,0.655,0.864,0.966,0.988,0.993,1.0,0.999,1.0,1.0,1.0,1.0,1.0,1.0,1.0,1.0,1.0,1.0,1.0,1.0,1.0
17,0.603,0.84,0.929,0.982,0.989,0.997,0.999,0.999,1.0,1.0,1.0,1.0,1.0,1.0,1.0,1.0,1.0,1.0,1.0,1.0
18,0.632,0.87,0.946,0.979,0.993,0.997,1.0,0.999,1.0,1.0,1.0,1.0,1.0,1.0,1.0,1.0,1.0,1.0,1.0,1.0
19,0.635,0.85,0.945,0.989,0.993,0.999,0.999,1.0,1.0,1.0,1.0,1.0,1.0,1.0,1.0,1.0,1.0,1.0,1.0,1.0
20,0.585,0.823,0.919,0.965,0.989,0.995,0.998,1.0,1.0,1.0,1.0,1.0,1.0,1.0,1.0,1.0,1.0,1.0,1.0,1.0
21,0.639,0.876,0.963,0.988,0.994,0.998,0.997,1.0,1.0,1.0,1.0,1.0,1.0,1.0,1.0,1.0,1.0,1.0,1.0,1.0
22,0.618,0.856,0.957,0.971,0.99,1.0,0.998,1.0,1.0,1.0,1.0,1.0,1.0,1.0,1.0,1.0,1.0,1.0,1.0,1.0
23,0.668,0.881,0.968,0.988,0.996,0.998,1.0,0.999,1.0,1.0,1.0,1.0,1.0,1.0,1.0,1.0,1.0,1.0,1.0,1.0
24,0.628,0.87,0.965,0.989,0.994,1.0,0.999,1.0,1.0,1.0,1.0,1.0,1.0,1.0,1.0,1.0,1.0,1.0,1.0,1.0
25,0.559,0.794,0.925,0.963,0.984,0.993,0.998,0.998,0.999,1.0,1.0,1.0,1.0,1.0,1.0,1.0,1.0,1.0,1.0,1.0
26,0.602,0.86,0.929,0.973,0.987,0.996,0.998,0.999,0.999,1.0,1.0,1.0,1.0,1.0,1.0,1.0,1.0,1.0,1.0,1.0
27,0.569,0.842,0.925,0.957,0.983,0.993,0.999,1.0,1.0,1.0,1.0,1.0,1.0,1.0,1.0,1.0,1.0,1.0,1.0,1.0
28,0.623,0.85,0.944,0.979,0.999,0.996,0.999,1.0,1.0,1.0,1.0,1.0,1.0,1.0,1.0,1.0,1.0,1.0,1.0,1.0
29,0.607,0.848,0.936,0.987,0.993,0.996,0.998,1.0,1.0,1.0,1.0,1.0,1.0,1.0,1.0,1.0,1.0,1.0,1.0,1.0
average,0.6059666666666667,0.8438333333333335,0.9400666666666667,0.9760666666666665,0.9907333333333329,0.9967333333333331,0.9989333333333333,0.9997333333333333,0.9998333333333332,0.9999666666666668,1.0,1.0,1.0,1.0,1.0,1.0,1.0,1.0,1.0,1.0
stdev,0.028497408633954346,0.02252061635301175,0.015092663971185652,0.00912341940333752,0.003841096586719185,0.0025316388767553048,0.0009802650357071227,0.0005208304597621883,0.0004611330373774145,0.00018257418583505553,0.0,0.0,0.0,0.0,0.0,0.0,0.0,0.0,0.0,0.0

1 image, 60 features
0,0.586,0.843,0.943,0.967,0.995,0.996,0.997,1.0,1.0,1.0,1.0,1.0,1.0,1.0,1.0,1.0,1.0,1.0,1.0,1.0
1,0.558,0.837,0.928,0.974,0.99,0.998,0.999,0.999,0.998,1.0,1.0,1.0,1.0,1.0,1.0,1.0,1.0,1.0,1.0,1.0
2,0.554,0.789,0.901,0.963,0.984,0.992,0.998,1.0,1.0,1.0,1.0,1.0,1.0,1.0,1.0,1.0,1.0,1.0,1.0,1.0
3,0.642,0.841,0.95,0.981,0.995,0.999,0.999,1.0,1.0,1.0,1.0,1.0,1.0,1.0,1.0,1.0,1.0,1.0,1.0,1.0
4,0.605,0.849,0.935,0.987,0.994,0.999,0.999,1.0,1.0,1.0,1.0,1.0,1.0,1.0,1.0,1.0,1.0,1.0,1.0,1.0
5,0.56,0.8,0.921,0.974,0.985,0.994,0.998,0.997,0.998,1.0,1.0,1.0,1.0,1.0,1.0,1.0,1.0,1.0,1.0,1.0
6,0.576,0.809,0.939,0.966,0.99,0.995,0.995,0.996,1.0,0.999,1.0,1.0,1.0,1.0,1.0,1.0,1.0,1.0,1.0,1.0
7,0.591,0.88,0.953,0.973,0.993,0.999,0.999,1.0,1.0,1.0,1.0,1.0,1.0,1.0,1.0,1.0,1.0,1.0,1.0,1.0
8,0.618,0.854,0.953,0.984,0.997,0.999,0.999,1.0,1.0,1.0,1.0,1.0,1.0,1.0,1.0,1.0,1.0,1.0,1.0,1.0
9,0.609,0.828,0.928,0.983,0.991,0.998,1.0,0.999,1.0,1.0,1.0,1.0,1.0,1.0,1.0,1.0,1.0,1.0,1.0,1.0
10,0.67,0.863,0.956,0.99,0.996,0.998,1.0,1.0,1.0,1.0,1.0,1.0,1.0,1.0,1.0,1.0,1.0,1.0,1.0,1.0
11,0.611,0.859,0.942,0.982,0.992,0.999,0.999,1.0,1.0,1.0,1.0,1.0,1.0,1.0,1.0,1.0,1.0,1.0,1.0,1.0
12,0.618,0.863,0.953,0.989,0.993,0.998,0.999,1.0,1.0,1.0,1.0,1.0,1.0,1.0,1.0,1.0,1.0,1.0,1.0,1.0
13,0.526,0.766,0.897,0.954,0.984,0.99,0.997,0.999,1.0,0.999,1.0,1.0,1.0,1.0,1.0,1.0,1.0,1.0,1.0,1.0
14,0.612,0.841,0.94,0.976,0.997,0.996,0.998,1.0,1.0,1.0,1.0,1.0,1.0,1.0,1.0,1.0,1.0,1.0,1.0,1.0
15,0.62,0.837,0.93,0.973,0.993,0.996,0.997,1.0,1.0,1.0,1.0,1.0,1.0,1.0,1.0,1.0,1.0,1.0,1.0,1.0
16,0.573,0.833,0.94,0.979,0.993,0.996,0.999,1.0,1.0,1.0,1.0,1.0,1.0,1.0,1.0,1.0,1.0,1.0,1.0,1.0
17,0.613,0.861,0.955,0.992,0.994,0.999,1.0,1.0,1.0,1.0,1.0,1.0,1.0,1.0,1.0,1.0,1.0,1.0,1.0,1.0
18,0.538,0.83,0.908,0.956,0.988,0.998,0.998,0.999,1.0,1.0,0.999,1.0,1.0,1.0,1.0,1.0,1.0,1.0,1.0,1.0
19,0.598,0.816,0.934,0.978,0.992,0.995,0.997,1.0,1.0,1.0,1.0,1.0,1.0,1.0,1.0,1.0,1.0,1.0,1.0,1.0
20,0.633,0.884,0.964,0.985,0.993,0.999,1.0,1.0,1.0,1.0,1.0,1.0,1.0,1.0,1.0,1.0,1.0,1.0,1.0,1.0
21,0.566,0.81,0.93,0.963,0.993,0.995,0.997,1.0,0.999,1.0,1.0,1.0,1.0,1.0,1.0,1.0,1.0,1.0,1.0,1.0
22,0.622,0.871,0.957,0.987,0.994,1.0,0.999,1.0,1.0,1.0,1.0,1.0,1.0,1.0,1.0,1.0,1.0,1.0,1.0,1.0
23,0.542,0.806,0.911,0.966,0.979,0.994,0.998,1.0,1.0,1.0,1.0,1.0,1.0,1.0,1.0,1.0,1.0,1.0,1.0,1.0
24,0.654,0.861,0.951,0.989,0.991,0.998,0.999,1.0,1.0,1.0,1.0,1.0,1.0,1.0,1.0,1.0,1.0,1.0,1.0,1.0
25,0.598,0.806,0.925,0.976,0.99,0.996,0.997,0.998,1.0,1.0,1.0,1.0,1.0,1.0,1.0,1.0,1.0,1.0,1.0,1.0
26,0.6,0.849,0.929,0.98,0.989,0.996,1.0,0.999,1.0,1.0,1.0,1.0,1.0,1.0,1.0,1.0,1.0,1.0,1.0,1.0
27,0.56,0.821,0.928,0.971,0.982,0.993,0.997,0.999,0.999,1.0,1.0,1.0,1.0,1.0,1.0,1.0,1.0,1.0,1.0,1.0
28,0.557,0.796,0.914,0.971,0.994,0.996,0.998,0.998,1.0,1.0,1.0,1.0,1.0,1.0,1.0,1.0,1.0,1.0,1.0,1.0
29,0.655,0.879,0.968,0.982,0.994,0.998,0.999,1.0,0.999,0.999,1.0,1.0,1.0,1.0,1.0,1.0,1.0,1.0,1.0,1.0
average,0.5955,0.8360666666666667,0.9361,0.9763666666666668,0.9911666666666665,0.9966333333333333,0.9983666666666667,0.9994333333333334,0.9997666666666666,0.9998999999999999,0.9999666666666667,1.0,1.0,1.0,1.0,1.0,1.0,1.0,1.0,1.0
stdev,0.03691439304381291,0.02951204702388889,0.018314023268409946,0.010046386666731051,0.004449589933321123,0.0023994731222432616,0.0012172137016162369,0.0010063019815944522,0.0005683207771559359,0.00030512857662936497,0.00018257418583505553,0.0,0.0,0.0,0.0,0.0,0.0,0.0,0.0,0.0

1 image, 70 features
0,0.604,0.813,0.944,0.974,0.992,0.998,0.997,1.0,1.0,1.0,1.0,1.0,1.0,1.0,1.0,1.0,1.0,1.0,1.0,1.0
1,0.629,0.866,0.945,0.986,0.993,0.997,0.999,0.999,1.0,1.0,1.0,1.0,1.0,1.0,1.0,1.0,1.0,1.0,1.0,1.0
2,0.601,0.849,0.939,0.974,0.993,0.999,0.998,0.999,1.0,1.0,1.0,1.0,1.0,1.0,1.0,1.0,1.0,1.0,1.0,1.0
3,0.592,0.848,0.951,0.971,0.989,0.994,0.999,0.997,1.0,1.0,1.0,1.0,1.0,1.0,1.0,1.0,1.0,1.0,1.0,1.0
4,0.587,0.836,0.939,0.971,0.991,0.995,0.999,0.999,1.0,1.0,1.0,1.0,1.0,1.0,1.0,1.0,1.0,1.0,1.0,1.0
5,0.654,0.851,0.949,0.986,0.995,0.999,1.0,1.0,1.0,1.0,1.0,1.0,1.0,1.0,1.0,1.0,1.0,1.0,1.0,1.0
6,0.576,0.823,0.925,0.965,0.989,0.993,0.998,1.0,1.0,1.0,1.0,1.0,1.0,1.0,1.0,1.0,1.0,1.0,1.0,1.0
7,0.557,0.783,0.901,0.962,0.979,0.995,0.996,0.999,1.0,1.0,1.0,1.0,1.0,1.0,1.0,1.0,1.0,1.0,1.0,1.0
8,0.555,0.804,0.928,0.968,0.987,0.995,0.998,1.0,1.0,1.0,1.0,1.0,1.0,1.0,1.0,1.0,1.0,1.0,1.0,1.0
9,0.592,0.853,0.94,0.98,0.99,0.998,0.999,0.998,1.0,1.0,1.0,1.0,1.0,1.0,1.0,1.0,1.0,1.0,1.0,1.0
10,0.616,0.86,0.948,0.981,0.995,0.998,1.0,1.0,0.999,1.0,1.0,1.0,1.0,1.0,1.0,1.0,1.0,1.0,1.0,1.0
11,0.585,0.833,0.932,0.976,0.991,0.998,0.998,0.999,1.0,1.0,1.0,1.0,1.0,1.0,1.0,1.0,1.0,1.0,1.0,1.0
12,0.587,0.812,0.936,0.971,0.992,0.996,1.0,1.0,1.0,1.0,1.0,1.0,1.0,1.0,1.0,1.0,1.0,1.0,1.0,1.0
13,0.571,0.828,0.929,0.97,0.989,0.994,0.998,1.0,0.999,1.0,1.0,1.0,1.0,1.0,1.0,1.0,1.0,1.0,1.0,1.0
14,0.526,0.809,0.905,0.971,0.984,0.995,0.998,1.0,1.0,1.0,1.0,1.0,1.0,1.0,1.0,1.0,1.0,1.0,1.0,1.0
15,0.542,0.829,0.92,0.972,0.993,0.996,0.999,1.0,1.0,1.0,1.0,1.0,1.0,1.0,1.0,1.0,1.0,1.0,1.0,1.0
16,0.564,0.83,0.936,0.977,0.99,0.989,0.999,1.0,0.999,1.0,1.0,1.0,1.0,1.0,1.0,1.0,1.0,1.0,1.0,1.0
17,0.574,0.844,0.943,0.981,0.988,0.997,0.997,0.999,1.0,1.0,1.0,1.0,1.0,1.0,1.0,1.0,1.0,1.0,1.0,1.0
18,0.576,0.837,0.928,0.969,0.989,0.995,0.996,0.998,1.0,1.0,1.0,1.0,1.0,1.0,1.0,1.0,1.0,1.0,1.0,1.0
19,0.573,0.844,0.937,0.981,0.989,0.996,1.0,1.0,1.0,1.0,1.0,1.0,1.0,1.0,1.0,1.0,1.0,1.0,1.0,1.0
20,0.588,0.832,0.939,0.97,0.985,0.994,0.999,0.999,1.0,1.0,1.0,1.0,1.0,1.0,1.0,1.0,1.0,1.0,1.0,1.0
21,0.589,0.802,0.936,0.965,0.987,0.996,0.995,1.0,1.0,1.0,1.0,1.0,1.0,1.0,1.0,1.0,1.0,1.0,1.0,1.0
22,0.569,0.793,0.908,0.965,0.982,0.994,0.996,0.999,1.0,1.0,1.0,1.0,1.0,1.0,1.0,1.0,1.0,1.0,1.0,1.0
23,0.606,0.828,0.947,0.984,0.993,0.997,1.0,1.0,1.0,1.0,1.0,1.0,1.0,1.0,1.0,1.0,1.0,1.0,1.0,1.0
24,0.58,0.844,0.93,0.973,0.99,0.997,0.998,1.0,1.0,1.0,1.0,1.0,1.0,1.0,1.0,1.0,1.0,1.0,1.0,1.0
25,0.569,0.796,0.915,0.971,0.991,0.994,0.996,1.0,1.0,1.0,1.0,1.0,1.0,1.0,1.0,1.0,1.0,1.0,1.0,1.0
26,0.574,0.84,0.936,0.97,0.987,0.997,0.997,1.0,1.0,1.0,1.0,1.0,1.0,1.0,1.0,1.0,1.0,1.0,1.0,1.0
27,0.589,0.814,0.917,0.961,0.986,0.995,0.997,1.0,0.999,0.999,1.0,1.0,1.0,1.0,1.0,1.0,1.0,1.0,1.0,1.0
28,0.604,0.863,0.951,0.972,0.989,0.998,0.999,1.0,1.0,1.0,1.0,1.0,1.0,1.0,1.0,1.0,1.0,1.0,1.0,1.0
29,0.573,0.788,0.912,0.962,0.985,0.993,0.996,0.998,1.0,1.0,1.0,1.0,1.0,1.0,1.0,1.0,1.0,1.0,1.0,1.0
average,0.5833999999999999,0.8283999999999999,0.9322,0.9726333333333333,0.9890999999999998,0.9957333333333332,0.9980333333333331,0.9994333333333333,0.9998666666666666,0.9999666666666667,1.0,1.0,1.0,1.0,1.0,1.0,1.0,1.0,1.0,1.0
stdev,0.02493246049243629,0.022724132698445296,0.013949168804800766,0.0069256312214910805,0.003698555169904541,0.0021485092399203213,0.0014499306364701438,0.0008172001541568774,0.0003457459036417607,0.00018257418583505553,0.0,0.0,0.0,0.0,0.0,0.0,0.0,0.0,0.0,0.0

1 image, 80 features
0,0.562,0.82,0.917,0.972,0.987,0.995,0.998,0.999,0.999,1.0,1.0,1.0,1.0,1.0,1.0,1.0,1.0,1.0,1.0,1.0
1,0.594,0.822,0.924,0.976,0.989,0.993,0.998,1.0,1.0,1.0,1.0,1.0,1.0,1.0,1.0,1.0,1.0,1.0,1.0,1.0
2,0.575,0.857,0.936,0.984,0.991,0.996,1.0,1.0,1.0,1.0,1.0,1.0,1.0,1.0,1.0,1.0,1.0,1.0,1.0,1.0
3,0.558,0.827,0.921,0.964,0.987,0.997,0.997,1.0,1.0,1.0,1.0,1.0,1.0,1.0,1.0,1.0,1.0,1.0,1.0,1.0
4,0.569,0.806,0.909,0.956,0.982,0.996,0.998,0.999,1.0,1.0,1.0,1.0,1.0,1.0,1.0,1.0,1.0,1.0,1.0,1.0
5,0.596,0.857,0.939,0.979,0.988,0.995,1.0,0.999,1.0,1.0,1.0,1.0,1.0,1.0,1.0,1.0,1.0,1.0,1.0,1.0
6,0.58,0.816,0.927,0.974,0.989,0.996,1.0,0.998,1.0,1.0,1.0,1.0,1.0,1.0,1.0,1.0,1.0,1.0,1.0,1.0
7,0.553,0.789,0.91,0.94,0.969,0.996,0.997,0.998,1.0,0.999,1.0,1.0,1.0,1.0,1.0,1.0,1.0,1.0,1.0,1.0
8,0.583,0.837,0.924,0.968,0.993,0.996,0.999,1.0,1.0,1.0,1.0,0.999,1.0,1.0,1.0,1.0,1.0,1.0,1.0,1.0
9,0.564,0.842,0.942,0.971,0.994,0.996,0.996,1.0,1.0,1.0,1.0,1.0,1.0,1.0,1.0,1.0,1.0,1.0,1.0,1.0
10,0.562,0.826,0.92,0.97,0.985,0.993,0.997,1.0,0.999,1.0,1.0,1.0,1.0,1.0,1.0,1.0,1.0,1.0,1.0,1.0
11,0.555,0.795,0.906,0.962,0.979,0.994,0.997,0.999,1.0,1.0,1.0,1.0,1.0,1.0,1.0,1.0,1.0,1.0,1.0,1.0
12,0.639,0.862,0.955,0.984,0.998,0.999,1.0,0.999,1.0,1.0,1.0,1.0,1.0,1.0,1.0,1.0,1.0,1.0,1.0,1.0
13,0.569,0.801,0.906,0.95,0.983,0.997,0.997,1.0,0.999,1.0,0.999,1.0,1.0,1.0,1.0,1.0,1.0,1.0,1.0,1.0
14,0.626,0.846,0.944,0.975,0.99,0.997,0.998,0.999,1.0,1.0,0.999,1.0,1.0,1.0,1.0,1.0,1.0,1.0,1.0,1.0
15,0.544,0.786,0.91,0.964,0.985,0.994,0.993,0.999,0.999,1.0,0.999,1.0,1.0,1.0,1.0,1.0,1.0,1.0,1.0,1.0
16,0.544,0.819,0.907,0.968,0.989,0.993,0.997,0.999,1.0,1.0,1.0,1.0,1.0,1.0,1.0,1.0,1.0,1.0,1.0,1.0
17,0.538,0.799,0.907,0.965,0.979,0.997,0.998,1.0,0.998,1.0,1.0,1.0,1.0,1.0,1.0,1.0,1.0,1.0,1.0,1.0
18,0.606,0.843,0.932,0.971,0.996,0.998,1.0,0.998,1.0,1.0,1.0,1.0,1.0,1.0,1.0,1.0,1.0,1.0,1.0,1.0
19,0.567,0.807,0.928,0.955,0.987,0.994,0.999,0.999,1.0,1.0,1.0,1.0,1.0,1.0,1.0,1.0,1.0,1.0,1.0,1.0
20,0.599,0.854,0.942,0.983,0.994,0.998,1.0,0.999,1.0,1.0,1.0,1.0,1.0,1.0,1.0,1.0,1.0,1.0,1.0,1.0
21,0.555,0.806,0.907,0.957,0.976,0.994,0.998,0.999,1.0,1.0,1.0,1.0,0.999,1.0,1.0,1.0,1.0,1.0,1.0,1.0
22,0.582,0.832,0.931,0.976,0.987,0.998,1.0,1.0,0.999,1.0,1.0,1.0,1.0,1.0,1.0,1.0,1.0,1.0,1.0,1.0
23,0.603,0.807,0.936,0.964,0.991,0.995,0.999,0.999,0.999,0.999,1.0,1.0,1.0,1.0,1.0,1.0,1.0,1.0,1.0,1.0
24,0.599,0.813,0.939,0.97,0.993,0.997,1.0,0.998,1.0,1.0,1.0,1.0,1.0,1.0,1.0,1.0,1.0,1.0,1.0,1.0
25,0.583,0.807,0.918,0.97,0.982,0.996,0.999,0.999,1.0,1.0,1.0,1.0,1.0,1.0,1.0,1.0,1.0,1.0,1.0,1.0
26,0.543,0.78,0.918,0.963,0.988,0.992,1.0,0.997,1.0,0.999,1.0,1.0,1.0,1.0,1.0,1.0,1.0,1.0,1.0,1.0
27,0.631,0.834,0.928,0.988,0.995,0.994,1.0,1.0,1.0,1.0,1.0,1.0,1.0,1.0,1.0,1.0,1.0,1.0,1.0,1.0
28,0.591,0.832,0.934,0.973,0.992,0.997,0.999,1.0,1.0,1.0,1.0,1.0,1.0,1.0,1.0,1.0,1.0,1.0,1.0,1.0
29,0.568,0.796,0.922,0.964,0.98,0.996,1.0,1.0,1.0,1.0,1.0,1.0,1.0,1.0,1.0,1.0,1.0,1.0,1.0,1.0
average,0.5779333333333335,0.8205999999999999,0.9246333333333335,0.9685333333333331,0.9872666666666664,0.9956333333333335,0.9984666666666666,0.9992,0.9997333333333334,0.9998999999999999,0.9999,0.9999666666666668,0.9999666666666667,1.0,1.0,1.0,1.0,1.0,1.0,1.0
stdev,0.02643395587097219,0.022654222412244636,0.013481745853722627,0.01052004108204033,0.006459066513814913,0.001751518224842102,0.0016344003083137548,0.0008051557998728983,0.0005208304597621883,0.00030512857662936497,0.00030512857662936497,0.00018257418583505553,0.00018257418583505553,0.0,0.0,0.0,0.0,0.0,0.0,0.0

1 image, 90 features
0,0.54,0.786,0.91,0.964,0.983,0.986,0.996,0.999,1.0,0.999,1.0,1.0,1.0,1.0,1.0,1.0,1.0,1.0,1.0,1.0
1,0.612,0.82,0.932,0.969,0.991,0.995,1.0,1.0,1.0,1.0,1.0,1.0,1.0,1.0,1.0,1.0,1.0,1.0,1.0,1.0
2,0.528,0.814,0.922,0.948,0.977,0.981,0.994,0.998,0.999,1.0,0.999,1.0,1.0,1.0,1.0,1.0,1.0,1.0,1.0,1.0
3,0.6,0.831,0.947,0.981,0.989,0.995,1.0,0.999,1.0,1.0,1.0,1.0,1.0,1.0,1.0,1.0,1.0,1.0,1.0,1.0
4,0.591,0.822,0.923,0.974,0.988,0.993,0.998,0.999,0.999,1.0,1.0,1.0,1.0,1.0,1.0,1.0,1.0,1.0,1.0,1.0
5,0.539,0.796,0.912,0.95,0.985,0.996,0.997,0.999,1.0,1.0,1.0,0.999,1.0,1.0,1.0,1.0,1.0,1.0,1.0,1.0
6,0.537,0.768,0.902,0.936,0.979,0.988,0.992,0.999,1.0,0.999,1.0,1.0,1.0,1.0,1.0,1.0,1.0,1.0,1.0,1.0
7,0.552,0.814,0.912,0.966,0.983,0.995,0.997,0.999,1.0,1.0,1.0,1.0,1.0,1.0,1.0,1.0,1.0,1.0,1.0,1.0
8,0.563,0.804,0.918,0.969,0.985,0.985,0.998,1.0,0.999,0.999,1.0,1.0,1.0,1.0,1.0,1.0,1.0,1.0,1.0,1.0
9,0.577,0.816,0.909,0.959,0.988,0.996,0.997,0.998,1.0,1.0,1.0,1.0,1.0,1.0,1.0,1.0,1.0,1.0,1.0,1.0
10,0.591,0.819,0.928,0.975,0.993,0.994,0.998,1.0,1.0,1.0,1.0,1.0,1.0,1.0,1.0,1.0,1.0,1.0,1.0,1.0
11,0.534,0.8,0.889,0.959,0.978,0.993,0.995,0.998,0.996,1.0,1.0,1.0,1.0,1.0,1.0,1.0,1.0,1.0,1.0,1.0
12,0.616,0.864,0.944,0.989,0.994,0.998,0.999,0.999,1.0,1.0,1.0,1.0,1.0,1.0,1.0,1.0,1.0,1.0,1.0,1.0
13,0.525,0.831,0.914,0.967,0.978,0.991,0.995,1.0,1.0,1.0,1.0,1.0,1.0,1.0,1.0,1.0,1.0,1.0,1.0,1.0
14,0.521,0.762,0.896,0.957,0.978,0.992,0.993,1.0,1.0,1.0,1.0,1.0,1.0,1.0,1.0,1.0,1.0,1.0,1.0,1.0
15,0.573,0.829,0.915,0.97,0.987,0.996,0.999,0.999,0.999,1.0,1.0,1.0,1.0,1.0,1.0,1.0,1.0,1.0,1.0,1.0
16,0.588,0.839,0.95,0.98,0.988,0.995,0.999,1.0,1.0,1.0,1.0,1.0,1.0,1.0,1.0,1.0,1.0,1.0,1.0,1.0
17,0.549,0.784,0.905,0.955,0.977,0.991,0.998,1.0,1.0,0.998,1.0,1.0,1.0,1.0,1.0,1.0,1.0,1.0,1.0,1.0
18,0.613,0.845,0.931,0.984,0.991,0.998,1.0,0.998,1.0,0.999,1.0,1.0,1.0,1.0,1.0,1.0,1.0,1.0,1.0,1.0
19,0.577,0.798,0.911,0.959,0.983,0.99,1.0,0.998,1.0,1.0,1.0,1.0,1.0,1.0,1.0,1.0,1.0,1.0,1.0,1.0
20,0.55,0.778,0.901,0.945,0.984,0.99,0.997,0.997,0.998,0.998,1.0,1.0,1.0,1.0,1.0,1.0,1.0,1.0,1.0,1.0
21,0.563,0.822,0.93,0.972,0.987,0.994,0.995,0.999,0.998,1.0,1.0,1.0,1.0,1.0,1.0,1.0,1.0,1.0,1.0,1.0
22,0.631,0.847,0.931,0.988,0.997,0.996,0.999,1.0,1.0,1.0,1.0,1.0,1.0,1.0,1.0,1.0,1.0,1.0,1.0,1.0
23,0.617,0.837,0.935,0.978,0.992,0.997,1.0,0.999,1.0,1.0,1.0,1.0,1.0,1.0,1.0,1.0,1.0,1.0,1.0,1.0
24,0.577,0.842,0.942,0.979,0.99,0.999,0.999,0.999,0.999,1.0,1.0,1.0,1.0,1.0,1.0,1.0,1.0,1.0,1.0,1.0
25,0.545,0.826,0.905,0.958,0.982,0.991,0.993,0.997,0.999,1.0,1.0,1.0,1.0,1.0,1.0,1.0,1.0,1.0,1.0,1.0
26,0.54,0.83,0.899,0.962,0.981,0.989,0.995,0.999,0.998,1.0,1.0,1.0,1.0,1.0,1.0,1.0,1.0,1.0,1.0,1.0
27,0.513,0.788,0.901,0.949,0.983,0.993,0.997,0.998,1.0,1.0,1.0,1.0,1.0,1.0,1.0,1.0,1.0,1.0,1.0,1.0
28,0.598,0.842,0.93,0.97,0.987,0.999,0.998,0.999,0.999,1.0,1.0,1.0,1.0,1.0,1.0,1.0,1.0,1.0,1.0,1.0
29,0.645,0.85,0.946,0.98,0.994,0.998,0.999,1.0,1.0,1.0,1.0,1.0,1.0,1.0,1.0,1.0,1.0,1.0,1.0,1.0
average,0.5701666666666667,0.8168000000000001,0.9196666666666669,0.9663999999999999,0.9857333333333334,0.9931333333333331,0.9972333333333333,0.9989666666666664,0.9994333333333334,0.9997333333333334,0.9999666666666668,0.9999666666666667,1.0,1.0,1.0,1.0,1.0,1.0,1.0,1.0
stdev,0.03562359091788834,0.025650704097347,0.01683455668708191,0.013309576536697438,0.005595153896582009,0.004336956928803753,0.0023146211924130965,0.0008899179866642247,0.0009352607356658155,0.0005832922809856752,0.00018257418583505553,0.00018257418583505553,0.0,0.0,0.0,0.0,0.0,0.0,0.0,0.0

1 image, 100 features
0,0.513,0.767,0.888,0.96,0.985,0.989,0.997,1.0,1.0,1.0,1.0,1.0,1.0,1.0,1.0,1.0,1.0,1.0,1.0,1.0
1,0.547,0.801,0.9,0.957,0.991,0.993,0.998,0.998,1.0,1.0,1.0,1.0,1.0,1.0,1.0,1.0,1.0,1.0,1.0,1.0
2,0.528,0.804,0.905,0.96,0.978,0.995,0.995,0.995,0.998,1.0,1.0,1.0,1.0,1.0,1.0,1.0,1.0,1.0,1.0,1.0
3,0.587,0.804,0.908,0.97,0.984,0.992,0.999,1.0,1.0,1.0,1.0,1.0,1.0,1.0,1.0,1.0,1.0,1.0,1.0,1.0
4,0.563,0.781,0.9,0.959,0.981,0.994,0.991,0.999,1.0,1.0,1.0,1.0,1.0,1.0,1.0,1.0,1.0,1.0,1.0,1.0
5,0.622,0.879,0.938,0.978,0.991,0.998,0.999,1.0,1.0,1.0,1.0,1.0,1.0,1.0,1.0,1.0,1.0,1.0,1.0,1.0
6,0.529,0.736,0.878,0.959,0.982,0.985,0.996,0.997,0.999,0.998,1.0,0.999,1.0,1.0,1.0,1.0,1.0,1.0,1.0,1.0
7,0.548,0.799,0.926,0.97,0.985,0.993,0.998,1.0,1.0,1.0,1.0,1.0,1.0,1.0,1.0,1.0,1.0,1.0,1.0,1.0
8,0.556,0.818,0.926,0.967,0.984,0.995,1.0,1.0,1.0,1.0,1.0,1.0,1.0,1.0,1.0,1.0,1.0,1.0,1.0,1.0
9,0.555,0.818,0.919,0.962,0.982,0.99,0.996,1.0,1.0,1.0,1.0,1.0,1.0,1.0,1.0,1.0,1.0,1.0,1.0,1.0
10,0.562,0.779,0.909,0.963,0.982,0.994,0.996,0.996,0.999,1.0,1.0,1.0,1.0,1.0,1.0,1.0,1.0,1.0,1.0,1.0
11,0.512,0.794,0.913,0.963,0.984,0.991,0.995,0.999,1.0,1.0,1.0,1.0,1.0,1.0,1.0,1.0,1.0,1.0,1.0,1.0
12,0.549,0.809,0.91,0.964,0.985,0.988,0.995,1.0,1.0,0.999,1.0,1.0,1.0,1.0,1.0,1.0,1.0,1.0,1.0,1.0
13,0.56,0.81,0.904,0.958,0.987,0.997,0.992,0.999,1.0,1.0,1.0,1.0,1.0,1.0,1.0,1.0,1.0,1.0,1.0,1.0
14,0.597,0.807,0.936,0.969,0.992,0.996,0.999,0.999,0.999,1.0,1.0,1.0,1.0,1.0,1.0,1.0,1.0,1.0,1.0,1.0
15,0.568,0.794,0.902,0.969,0.981,0.993,0.997,0.998,1.0,0.999,1.0,1.0,1.0,1.0,1.0,1.0,1.0,1.0,1.0,1.0
16,0.547,0.793,0.898,0.961,0.983,0.991,0.996,0.996,0.999,0.999,1.0,1.0,1.0,1.0,1.0,1.0,1.0,1.0,1.0,1.0
17,0.559,0.837,0.937,0.976,0.99,0.995,0.999,0.998,1.0,1.0,1.0,1.0,1.0,1.0,1.0,1.0,1.0,1.0,1.0,1.0
18,0.566,0.783,0.919,0.955,0.989,0.996,0.995,0.998,0.999,1.0,1.0,1.0,1.0,1.0,1.0,1.0,1.0,1.0,1.0,1.0
19,0.544,0.781,0.908,0.957,0.987,0.991,0.993,0.999,0.998,0.999,1.0,1.0,1.0,1.0,1.0,1.0,1.0,1.0,1.0,1.0
20,0.583,0.815,0.919,0.971,0.989,0.996,0.997,0.999,1.0,0.999,1.0,1.0,1.0,1.0,1.0,1.0,1.0,1.0,1.0,1.0
21,0.569,0.788,0.909,0.966,0.985,0.99,0.997,0.999,1.0,1.0,1.0,1.0,1.0,1.0,1.0,1.0,1.0,1.0,1.0,1.0
22,0.547,0.767,0.9,0.955,0.978,0.985,0.994,1.0,0.998,1.0,1.0,1.0,1.0,1.0,1.0,1.0,1.0,1.0,1.0,1.0
23,0.571,0.818,0.909,0.967,0.983,0.989,0.997,1.0,1.0,1.0,1.0,1.0,1.0,1.0,1.0,1.0,1.0,1.0,1.0,1.0
24,0.587,0.834,0.936,0.971,0.989,0.995,0.996,1.0,1.0,1.0,1.0,1.0,1.0,1.0,1.0,1.0,1.0,1.0,1.0,1.0
25,0.558,0.798,0.905,0.946,0.986,0.993,0.996,1.0,1.0,1.0,1.0,1.0,1.0,1.0,1.0,1.0,1.0,1.0,1.0,1.0
26,0.555,0.823,0.924,0.972,0.98,0.996,0.999,0.998,1.0,1.0,1.0,1.0,1.0,1.0,1.0,1.0,1.0,1.0,1.0,1.0
27,0.556,0.821,0.938,0.978,0.991,0.998,0.996,1.0,0.999,1.0,1.0,1.0,1.0,1.0,1.0,1.0,1.0,1.0,1.0,1.0
28,0.576,0.838,0.949,0.978,0.989,0.994,0.998,1.0,1.0,1.0,1.0,1.0,1.0,1.0,1.0,1.0,1.0,1.0,1.0,1.0
29,0.567,0.826,0.916,0.961,0.981,0.997,0.999,0.999,1.0,0.999,1.0,1.0,1.0,1.0,1.0,1.0,1.0,1.0,1.0,1.0
average,0.5593666666666667,0.8040666666666668,0.9143000000000001,0.9647333333333332,0.9851333333333334,0.9929666666666666,0.9964999999999997,0.9988666666666667,0.9995999999999999,0.9997333333333333,1.0,0.9999666666666667,1.0,1.0,1.0,1.0,1.0,1.0,1.0,1.0
stdev,0.023059867112894795,0.026791575275581046,0.016320391307005876,0.007763456985635729,0.0039977004884561235,0.0034887339204668667,0.0021774708517784654,0.0013829836145670428,0.000674664667663206,0.0005208304597621883,0.0,0.00018257418583505553,0.0,0.0,0.0,0.0,0.0,0.0,0.0,0.0

1 image, 110 features
0,0.506,0.768,0.894,0.951,0.972,0.991,0.993,0.997,0.999,1.0,0.999,1.0,1.0,1.0,1.0,1.0,1.0,1.0,1.0,1.0
1,0.523,0.797,0.915,0.959,0.987,0.992,0.996,0.998,0.999,1.0,1.0,1.0,1.0,1.0,1.0,1.0,1.0,1.0,1.0,1.0
2,0.576,0.838,0.919,0.967,0.992,0.995,0.995,1.0,1.0,1.0,1.0,1.0,1.0,1.0,1.0,1.0,1.0,1.0,1.0,1.0
3,0.554,0.832,0.935,0.972,0.983,0.996,0.998,0.998,1.0,1.0,1.0,1.0,1.0,1.0,1.0,1.0,1.0,1.0,1.0,1.0
4,0.532,0.777,0.898,0.949,0.979,0.99,0.996,0.999,1.0,1.0,0.999,1.0,1.0,1.0,1.0,1.0,1.0,1.0,1.0,1.0
5,0.549,0.781,0.891,0.944,0.976,0.992,0.994,1.0,1.0,0.999,1.0,0.999,1.0,1.0,1.0,1.0,1.0,1.0,1.0,1.0
6,0.496,0.744,0.857,0.936,0.969,0.985,0.995,0.996,1.0,0.998,1.0,1.0,1.0,1.0,1.0,1.0,1.0,1.0,1.0,1.0
7,0.584,0.83,0.912,0.968,0.985,0.998,0.998,0.999,1.0,0.999,1.0,1.0,1.0,1.0,1.0,1.0,1.0,1.0,1.0,1.0
8,0.582,0.817,0.921,0.96,0.985,0.995,0.996,1.0,1.0,0.999,1.0,1.0,1.0,1.0,1.0,1.0,1.0,1.0,1.0,1.0
9,0.616,0.853,0.944,0.981,0.999,1.0,0.998,1.0,1.0,1.0,1.0,1.0,1.0,1.0,1.0,1.0,1.0,1.0,1.0,1.0
10,0.576,0.806,0.893,0.961,0.982,0.993,0.998,0.998,0.998,1.0,1.0,1.0,1.0,1.0,1.0,1.0,1.0,1.0,1.0,1.0
11,0.566,0.787,0.916,0.943,0.985,0.996,0.997,0.996,0.998,0.999,1.0,1.0,1.0,1.0,1.0,1.0,1.0,1.0,1.0,1.0
12,0.589,0.813,0.925,0.972,0.99,0.997,0.997,1.0,1.0,1.0,1.0,1.0,1.0,1.0,1.0,1.0,1.0,1.0,1.0,1.0
13,0.626,0.846,0.923,0.966,0.984,0.996,0.999,0.999,0.998,1.0,1.0,1.0,1.0,1.0,1.0,1.0,1.0,1.0,1.0,1.0
14,0.568,0.802,0.914,0.958,0.987,0.992,0.997,0.997,1.0,1.0,1.0,1.0,1.0,1.0,1.0,1.0,1.0,1.0,1.0,1.0
15,0.563,0.797,0.916,0.965,0.987,0.992,0.999,0.996,1.0,1.0,1.0,1.0,1.0,1.0,1.0,1.0,1.0,1.0,1.0,1.0
16,0.603,0.808,0.911,0.972,0.985,0.993,0.998,0.999,1.0,1.0,1.0,1.0,1.0,1.0,1.0,1.0,1.0,1.0,1.0,1.0
17,0.528,0.785,0.909,0.945,0.98,0.991,0.999,0.998,1.0,1.0,1.0,1.0,1.0,1.0,1.0,1.0,1.0,1.0,1.0,1.0
18,0.617,0.83,0.941,0.981,0.993,0.998,1.0,0.999,1.0,1.0,1.0,1.0,1.0,1.0,1.0,1.0,1.0,1.0,1.0,1.0
19,0.55,0.819,0.92,0.949,0.987,0.991,0.998,0.998,1.0,1.0,1.0,1.0,1.0,1.0,1.0,1.0,1.0,1.0,1.0,1.0
20,0.543,0.772,0.893,0.955,0.985,0.994,0.999,0.994,0.999,1.0,1.0,1.0,1.0,1.0,1.0,1.0,1.0,1.0,1.0,1.0
21,0.525,0.779,0.904,0.957,0.983,0.989,1.0,0.998,1.0,1.0,1.0,1.0,1.0,1.0,1.0,1.0,1.0,1.0,1.0,1.0
22,0.5,0.767,0.891,0.953,0.976,0.985,0.995,0.999,1.0,0.999,1.0,1.0,1.0,1.0,1.0,1.0,1.0,1.0,1.0,1.0
23,0.577,0.807,0.921,0.966,0.986,0.992,0.997,1.0,0.999,1.0,1.0,1.0,1.0,1.0,1.0,1.0,1.0,1.0,1.0,1.0
24,0.533,0.814,0.889,0.965,0.979,0.998,0.995,0.997,1.0,1.0,1.0,1.0,1.0,1.0,1.0,1.0,1.0,1.0,1.0,1.0
25,0.592,0.849,0.932,0.967,0.991,0.997,1.0,1.0,0.999,1.0,1.0,1.0,1.0,1.0,1.0,1.0,1.0,1.0,1.0,1.0
26,0.528,0.741,0.875,0.935,0.967,0.984,0.992,0.999,0.998,1.0,1.0,1.0,1.0,1.0,1.0,1.0,1.0,1.0,1.0,1.0
27,0.538,0.815,0.925,0.972,0.987,0.992,0.999,0.998,0.999,0.998,1.0,0.999,1.0,1.0,1.0,1.0,1.0,1.0,1.0,1.0
28,0.537,0.821,0.91,0.96,0.979,0.995,0.995,0.999,0.999,1.0,1.0,1.0,1.0,1.0,1.0,1.0,1.0,1.0,1.0,1.0
29,0.59,0.822,0.919,0.977,0.991,0.992,0.997,0.997,1.0,1.0,1.0,1.0,1.0,1.0,1.0,1.0,1.0,1.0,1.0,1.0
average,0.5589000000000001,0.8039000000000001,0.9104333333333333,0.9602,0.9836999999999997,0.9930333333333335,0.997,0.9982666666666665,0.9994999999999997,0.9997,0.9999333333333333,0.9999333333333332,1.0,1.0,1.0,1.0,1.0,1.0,1.0,1.0
stdev,0.03504415933430669,0.029191815102276805,0.019184554371597527,0.012335538790072334,0.00704248192927309,0.003934667609265404,0.0020844250013389554,0.0015070714541175864,0.0007310832774866969,0.0005959634332684381,0.0002537081317024627,0.0002537081317024627,0.0,0.0,0.0,0.0,0.0,0.0,0.0,0.0

1 image, 120 features
0,0.552,0.818,0.906,0.968,0.986,0.994,0.999,0.999,0.999,1.0,1.0,0.999,1.0,0.999,1.0,1.0,1.0,1.0,1.0,1.0
1,0.558,0.788,0.908,0.946,0.982,0.994,0.999,1.0,0.999,0.999,1.0,1.0,1.0,1.0,1.0,1.0,1.0,1.0,1.0,1.0
2,0.562,0.813,0.91,0.973,0.985,0.993,0.998,0.998,1.0,1.0,1.0,1.0,1.0,1.0,1.0,1.0,1.0,1.0,1.0,1.0
3,0.56,0.834,0.931,0.975,0.988,0.993,1.0,0.998,1.0,1.0,1.0,1.0,1.0,1.0,1.0,1.0,1.0,1.0,1.0,1.0
4,0.531,0.769,0.905,0.948,0.982,0.993,0.996,0.998,0.999,1.0,0.999,1.0,1.0,1.0,1.0,1.0,1.0,1.0,1.0,1.0
5,0.555,0.803,0.909,0.972,0.985,0.996,0.999,0.999,0.999,1.0,1.0,1.0,1.0,1.0,1.0,1.0,1.0,1.0,1.0,1.0
6,0.567,0.796,0.918,0.973,0.984,0.995,0.995,1.0,1.0,1.0,0.999,1.0,1.0,1.0,1.0,1.0,1.0,1.0,1.0,1.0
7,0.547,0.806,0.917,0.961,0.982,0.998,0.998,0.998,1.0,1.0,1.0,1.0,1.0,1.0,1.0,1.0,1.0,1.0,1.0,1.0
8,0.619,0.855,0.957,0.976,0.991,0.998,1.0,0.999,1.0,1.0,1.0,1.0,1.0,1.0,1.0,1.0,1.0,1.0,1.0,1.0
9,0.57,0.819,0.916,0.961,0.981,0.997,0.998,0.998,1.0,1.0,1.0,1.0,1.0,1.0,1.0,1.0,1.0,1.0,1.0,1.0
10,0.589,0.821,0.922,0.976,0.996,0.994,1.0,1.0,0.996,1.0,1.0,1.0,1.0,1.0,1.0,1.0,1.0,1.0,1.0,1.0
11,0.584,0.803,0.92,0.972,0.988,0.997,0.998,0.997,1.0,1.0,1.0,1.0,1.0,1.0,1.0,1.0,1.0,1.0,1.0,1.0
12,0.516,0.739,0.864,0.95,0.97,0.979,0.993,0.997,0.998,0.997,1.0,1.0,1.0,1.0,1.0,1.0,1.0,1.0,1.0,1.0
13,0.557,0.813,0.914,0.952,0.988,0.993,0.994,0.999,1.0,1.0,0.999,1.0,1.0,1.0,1.0,1.0,1.0,1.0,1.0,1.0
14,0.594,0.832,0.912,0.974,0.983,0.995,0.999,1.0,0.999,1.0,1.0,1.0,1.0,1.0,1.0,1.0,1.0,1.0,1.0,1.0
15,0.577,0.836,0.929,0.971,0.987,0.997,0.997,1.0,1.0,1.0,1.0,1.0,1.0,1.0,1.0,1.0,1.0,1.0,1.0,1.0
16,0.496,0.762,0.885,0.942,0.965,0.979,0.998,0.997,0.999,1.0,1.0,1.0,1.0,1.0,1.0,1.0,1.0,1.0,1.0,1.0
17,0.494,0.733,0.871,0.933,0.962,0.984,0.995,0.997,0.999,0.999,1.0,1.0,1.0,1.0,1.0,1.0,1.0,1.0,1.0,1.0
18,0.567,0.811,0.89,0.958,0.988,0.987,0.999,0.999,1.0,1.0,1.0,1.0,1.0,1.0,1.0,1.0,1.0,1.0,1.0,1.0
19,0.563,0.818,0.92,0.963,0.986,0.992,0.996,1.0,1.0,1.0,1.0,1.0,1.0,1.0,1.0,1.0,1.0,1.0,1.0,1.0
20,0.525,0.77,0.891,0.947,0.981,0.986,0.994,0.999,0.998,1.0,1.0,1.0,1.0,1.0,1.0,1.0,1.0,1.0,1.0,1.0
21,0.615,0.857,0.93,0.983,0.989,0.994,0.998,1.0,1.0,1.0,1.0,1.0,1.0,1.0,1.0,1.0,1.0,1.0,1.0,1.0
22,0.575,0.798,0.921,0.959,0.979,0.988,0.998,0.999,1.0,1.0,1.0,1.0,1.0,1.0,1.0,1.0,1.0,1.0,1.0,1.0
23,0.57,0.776,0.901,0.958,0.981,0.992,0.998,1.0,1.0,0.999,1.0,1.0,1.0,1.0,1.0,1.0,1.0,1.0,1.0,1.0
24,0.522,0.775,0.904,0.957,0.975,0.989,0.996,0.998,0.999,1.0,1.0,1.0,1.0,1.0,1.0,1.0,1.0,1.0,1.0,1.0
25,0.562,0.84,0.929,0.962,0.985,0.994,0.999,1.0,1.0,1.0,1.0,1.0,1.0,1.0,1.0,1.0,1.0,1.0,1.0,1.0
26,0.586,0.845,0.938,0.984,0.994,0.993,0.999,1.0,1.0,1.0,1.0,1.0,1.0,1.0,1.0,1.0,1.0,1.0,1.0,1.0
27,0.57,0.804,0.933,0.978,0.986,0.998,1.0,1.0,1.0,1.0,1.0,1.0,1.0,1.0,1.0,1.0,1.0,1.0,1.0,1.0
28,0.602,0.812,0.919,0.958,0.986,0.995,0.997,0.998,1.0,1.0,1.0,1.0,1.0,1.0,1.0,1.0,1.0,1.0,1.0,1.0
29,0.546,0.831,0.92,0.965,0.985,0.997,0.997,0.998,1.0,1.0,1.0,1.0,1.0,1.0,1.0,1.0,1.0,1.0,1.0,1.0
average,0.5610333333333333,0.8058999999999998,0.9130000000000001,0.9631666666666666,0.9833333333333336,0.9924666666666667,0.9975666666666665,0.9988333333333334,0.9994666666666666,0.9998,0.9999,0.9999666666666668,1.0,0.9999666666666668,1.0,1.0,1.0,1.0,1.0,1.0
stdev,0.03038884020813235,0.031235865769093495,0.0193123151704134,0.012676569027100772,0.007392136237984229,0.005110727954986951,0.0019241358711314333,0.0010854312136382627,0.000899552890217608,0.0006102571532587299,0.00030512857662936497,0.00018257418583505553,0.0,0.00018257418583505553,0.0,0.0,0.0,0.0,0.0,0.0

1 image, 130 features
0,0.571,0.808,0.913,0.964,0.98,0.992,0.995,0.999,0.999,0.999,1.0,1.0,1.0,1.0,1.0,1.0,1.0,1.0,1.0,1.0
1,0.555,0.761,0.889,0.963,0.983,0.994,0.995,1.0,1.0,1.0,1.0,0.999,1.0,1.0,1.0,1.0,1.0,1.0,1.0,1.0
2,0.553,0.787,0.913,0.97,0.98,0.992,0.997,1.0,1.0,1.0,1.0,1.0,1.0,1.0,1.0,1.0,1.0,1.0,1.0,1.0
3,0.571,0.814,0.911,0.975,0.994,0.999,0.999,0.999,0.999,1.0,1.0,1.0,1.0,1.0,1.0,1.0,1.0,1.0,1.0,1.0
4,0.613,0.852,0.928,0.972,0.993,0.998,0.999,1.0,1.0,1.0,1.0,1.0,1.0,1.0,1.0,1.0,1.0,1.0,1.0,1.0
5,0.539,0.793,0.911,0.938,0.981,0.992,0.995,0.998,1.0,1.0,1.0,1.0,1.0,1.0,1.0,1.0,1.0,1.0,1.0,1.0
6,0.562,0.821,0.931,0.963,0.981,0.988,0.997,0.999,0.999,0.999,1.0,1.0,1.0,1.0,1.0,1.0,1.0,1.0,1.0,1.0
7,0.534,0.788,0.909,0.954,0.988,0.988,0.998,0.998,0.998,1.0,1.0,1.0,1.0,1.0,1.0,1.0,1.0,1.0,1.0,1.0
8,0.558,0.811,0.908,0.96,0.986,0.992,0.998,0.997,1.0,1.0,1.0,1.0,1.0,1.0,1.0,1.0,1.0,1.0,1.0,1.0
9,0.582,0.793,0.897,0.949,0.982,0.996,0.997,0.999,1.0,1.0,1.0,1.0,1.0,1.0,1.0,1.0,1.0,1.0,1.0,1.0
10,0.536,0.8,0.905,0.959,0.976,0.995,0.993,1.0,1.0,0.999,1.0,1.0,1.0,1.0,1.0,1.0,1.0,1.0,1.0,1.0
11,0.565,0.81,0.92,0.966,0.985,0.991,0.996,0.997,1.0,1.0,1.0,1.0,1.0,1.0,1.0,1.0,1.0,1.0,1.0,1.0
12,0.543,0.788,0.913,0.964,0.98,0.998,0.997,0.999,0.999,1.0,1.0,1.0,1.0,1.0,1.0,1.0,1.0,1.0,1.0,1.0
13,0.57,0.806,0.916,0.973,0.975,0.993,0.995,0.999,1.0,1.0,1.0,1.0,1.0,1.0,1.0,1.0,1.0,1.0,1.0,1.0
14,0.611,0.817,0.922,0.962,0.99,0.992,0.996,0.997,1.0,1.0,1.0,1.0,1.0,1.0,1.0,1.0,1.0,1.0,1.0,1.0
15,0.522,0.773,0.89,0.954,0.975,0.987,0.992,0.998,0.999,1.0,0.998,1.0,1.0,1.0,1.0,1.0,1.0,1.0,1.0,1.0
16,0.553,0.802,0.931,0.972,0.982,0.993,0.999,1.0,1.0,1.0,1.0,1.0,1.0,1.0,1.0,1.0,1.0,1.0,1.0,1.0
17,0.599,0.853,0.945,0.97,0.989,0.998,0.997,0.999,1.0,1.0,1.0,1.0,1.0,1.0,1.0,1.0,1.0,1.0,1.0,1.0
18,0.592,0.831,0.926,0.971,0.991,0.998,0.995,0.999,0.999,1.0,1.0,1.0,1.0,1.0,1.0,1.0,1.0,1.0,1.0,1.0
19,0.566,0.812,0.924,0.969,0.987,0.997,0.995,0.998,1.0,0.999,1.0,1.0,1.0,1.0,1.0,1.0,1.0,1.0,1.0,1.0
20,0.543,0.79,0.872,0.947,0.976,0.987,0.998,0.998,0.999,1.0,1.0,0.999,1.0,1.0,1.0,1.0,1.0,1.0,1.0,1.0
21,0.558,0.812,0.906,0.951,0.984,0.995,0.997,0.999,0.997,1.0,1.0,1.0,1.0,1.0,1.0,1.0,1.0,1.0,1.0,1.0
22,0.568,0.843,0.928,0.97,0.984,0.992,0.998,1.0,1.0,1.0,1.0,1.0,1.0,1.0,1.0,1.0,1.0,1.0,1.0,1.0
23,0.594,0.839,0.93,0.976,0.988,0.996,1.0,1.0,1.0,1.0,1.0,1.0,1.0,1.0,1.0,1.0,1.0,1.0,1.0,1.0
24,0.486,0.744,0.842,0.927,0.975,0.983,0.992,0.994,0.998,0.998,1.0,1.0,1.0,1.0,1.0,1.0,1.0,1.0,1.0,1.0
25,0.547,0.828,0.908,0.962,0.98,0.994,0.996,1.0,0.999,1.0,1.0,1.0,1.0,1.0,1.0,1.0,1.0,1.0,1.0,1.0
26,0.607,0.834,0.961,0.98,0.993,0.999,1.0,1.0,1.0,1.0,1.0,1.0,1.0,1.0,1.0,1.0,1.0,1.0,1.0,1.0
27,0.578,0.836,0.931,0.965,0.993,0.997,0.997,0.999,1.0,1.0,1.0,1.0,1.0,1.0,1.0,1.0,1.0,1.0,1.0,1.0
28,0.524,0.796,0.886,0.959,0.979,0.993,0.992,0.999,0.999,0.999,0.999,1.0,1.0,1.0,0.999,1.0,1.0,1.0,1.0,1.0
29,0.573,0.805,0.91,0.969,0.98,0.99,0.999,0.998,1.0,0.999,1.0,1.0,1.0,1.0,1.0,1.0,1.0,1.0,1.0,1.0
average,0.5624333333333333,0.8082333333333332,0.9125333333333333,0.9624666666666666,0.9836666666666666,0.9932999999999998,0.9964666666666667,0.9987333333333333,0.9994666666666666,0.9997333333333333,0.9998999999999999,0.9999333333333333,1.0,1.0,0.9999666666666667,1.0,1.0,1.0,1.0,1.0
stdev,0.02839218364187619,0.025371288868533536,0.022337124399456208,0.011560137612035394,0.005868286087879106,0.004027063617489842,0.002255007199825397,0.001311312407431982,0.0007760791522613617,0.0005208304597621883,0.00040257789993644914,0.0002537081317024627,0.0,0.0,0.00018257418583505553,0.0,0.0,0.0,0.0,0.0

1 image, 140 features
0,0.495,0.765,0.915,0.953,0.981,0.986,0.992,0.997,1.0,0.998,1.0,1.0,1.0,1.0,1.0,1.0,1.0,1.0,1.0,1.0
1,0.574,0.784,0.905,0.965,0.983,0.993,0.994,0.999,1.0,1.0,1.0,1.0,1.0,1.0,1.0,1.0,1.0,1.0,1.0,1.0
2,0.574,0.817,0.902,0.958,0.981,0.986,1.0,0.999,0.999,0.999,1.0,1.0,1.0,1.0,1.0,1.0,1.0,1.0,1.0,1.0
3,0.557,0.825,0.935,0.969,0.988,0.997,0.999,1.0,1.0,1.0,1.0,1.0,1.0,1.0,1.0,1.0,1.0,1.0,1.0,1.0
4,0.529,0.766,0.871,0.938,0.972,0.989,0.992,0.998,0.999,0.999,1.0,1.0,1.0,1.0,1.0,1.0,1.0,1.0,1.0,1.0
5,0.546,0.791,0.892,0.941,0.984,0.992,0.998,0.997,1.0,0.999,1.0,1.0,1.0,0.999,1.0,1.0,1.0,1.0,1.0,1.0
6,0.551,0.788,0.899,0.944,0.981,0.987,0.994,0.998,1.0,0.999,1.0,1.0,1.0,1.0,1.0,1.0,1.0,1.0,1.0,1.0
7,0.529,0.768,0.871,0.948,0.974,0.988,0.993,0.997,1.0,0.999,1.0,1.0,1.0,1.0,1.0,1.0,1.0,1.0,1.0,1.0
8,0.583,0.809,0.926,0.971,0.992,0.995,0.999,1.0,1.0,1.0,1.0,1.0,1.0,1.0,1.0,1.0,1.0,1.0,1.0,1.0
9,0.556,0.801,0.917,0.958,0.978,0.993,0.995,0.998,1.0,0.999,1.0,1.0,1.0,1.0,1.0,1.0,1.0,1.0,1.0,1.0
10,0.554,0.799,0.906,0.961,0.981,0.995,0.997,0.995,0.999,1.0,1.0,1.0,1.0,1.0,1.0,1.0,1.0,1.0,1.0,1.0
11,0.525,0.769,0.883,0.952,0.971,0.997,0.998,0.997,0.997,1.0,1.0,0.999,1.0,1.0,1.0,1.0,1.0,1.0,1.0,1.0
12,0.525,0.779,0.89,0.946,0.966,0.99,0.995,0.999,0.998,1.0,1.0,1.0,1.0,1.0,1.0,1.0,1.0,1.0,1.0,1.0
13,0.492,0.766,0.878,0.94,0.97,0.987,0.998,0.995,1.0,0.999,1.0,1.0,1.0,1.0,1.0,1.0,1.0,1.0,1.0,1.0
14,0.527,0.797,0.899,0.949,0.97,0.993,0.998,0.998,1.0,1.0,0.999,1.0,1.0,1.0,1.0,1.0,1.0,1.0,1.0,1.0
15,0.542,0.783,0.919,0.958,0.974,0.994,1.0,0.999,0.998,1.0,1.0,1.0,1.0,1.0,1.0,1.0,1.0,1.0,1.0,1.0
16,0.569,0.798,0.925,0.946,0.988,0.994,0.999,0.998,1.0,1.0,1.0,1.0,1.0,1.0,1.0,1.0,1.0,1.0,1.0,1.0
17,0.495,0.763,0.87,0.941,0.969,0.985,0.995,0.992,0.996,1.0,0.999,1.0,1.0,1.0,1.0,1.0,1.0,1.0,1.0,1.0
18,0.508,0.767,0.891,0.949,0.968,0.98,0.998,0.998,0.997,0.999,0.999,1.0,1.0,1.0,1.0,1.0,1.0,1.0,1.0,1.0
19,0.519,0.795,0.909,0.955,0.98,0.993,0.996,1.0,1.0,1.0,1.0,1.0,1.0,1.0,1.0,1.0,1.0,1.0,1.0,1.0
20,0.553,0.812,0.906,0.951,0.987,0.989,0.996,0.998,0.999,0.999,1.0,1.0,1.0,1.0,1.0,1.0,1.0,1.0,1.0,1.0
21,0.565,0.815,0.91,0.978,0.984,0.991,0.998,1.0,0.999,1.0,1.0,1.0,1.0,1.0,1.0,1.0,1.0,1.0,1.0,1.0
22,0.506,0.792,0.886,0.961,0.982,0.993,0.999,0.999,1.0,1.0,1.0,1.0,1.0,1.0,1.0,1.0,1.0,1.0,1.0,1.0
23,0.524,0.767,0.89,0.952,0.976,0.988,0.993,0.995,1.0,0.999,0.998,1.0,1.0,1.0,1.0,1.0,1.0,1.0,1.0,1.0
24,0.517,0.796,0.892,0.959,0.982,0.989,0.995,0.996,0.999,0.999,1.0,1.0,1.0,1.0,1.0,1.0,1.0,1.0,1.0,1.0
25,0.546,0.817,0.922,0.96,0.986,0.99,0.998,0.999,1.0,1.0,1.0,1.0,1.0,1.0,1.0,1.0,1.0,1.0,1.0,1.0
26,0.586,0.816,0.926,0.968,0.987,0.995,0.998,0.999,1.0,1.0,1.0,1.0,1.0,1.0,1.0,1.0,1.0,1.0,1.0,1.0
27,0.535,0.792,0.911,0.956,0.99,0.991,0.994,0.999,1.0,1.0,1.0,1.0,1.0,1.0,1.0,1.0,1.0,1.0,1.0,1.0
28,0.603,0.791,0.936,0.962,0.988,0.997,0.999,1.0,0.999,1.0,1.0,1.0,1.0,1.0,1.0,1.0,1.0,1.0,1.0,1.0
29,0.502,0.774,0.91,0.958,0.984,0.992,0.996,0.996,0.998,1.0,1.0,1.0,1.0,1.0,1.0,1.0,1.0,1.0,1.0,1.0
average,0.5395666666666667,0.7900666666666668,0.9030666666666669,0.9549,0.9798999999999997,0.9909666666666666,0.9965333333333332,0.9978333333333331,0.9992333333333332,0.9995666666666665,0.9998333333333334,0.9999666666666668,1.0,0.9999666666666667,1.0,1.0,1.0,1.0,1.0,1.0
stdev,0.029304210987658324,0.018726586914631933,0.01860651226991709,0.009820281616862265,0.007279399368932432,0.004012766981843668,0.0024030631792939135,0.001876962574413015,0.0011043279539543766,0.0005683207771559359,0.0004611330373774145,0.00018257418583505553,0.0,0.00018257418583505553,0.0,0.0,0.0,0.0,0.0,0.0

1 image, 150 features
0,0.517,0.733,0.895,0.944,0.97,0.984,0.996,0.995,1.0,0.999,1.0,1.0,1.0,1.0,1.0,1.0,1.0,1.0,1.0,1.0
1,0.555,0.828,0.927,0.976,0.994,0.993,0.998,1.0,1.0,1.0,1.0,1.0,1.0,1.0,1.0,1.0,1.0,1.0,1.0,1.0
2,0.53,0.754,0.872,0.941,0.983,0.992,0.994,0.997,0.997,0.997,1.0,0.999,1.0,1.0,1.0,1.0,1.0,1.0,1.0,1.0
3,0.511,0.77,0.916,0.947,0.977,0.991,0.995,0.999,1.0,1.0,1.0,1.0,1.0,1.0,1.0,1.0,1.0,1.0,1.0,1.0
4,0.561,0.819,0.92,0.981,0.986,0.996,0.994,0.999,1.0,1.0,1.0,1.0,1.0,1.0,1.0,1.0,1.0,1.0,1.0,1.0
5,0.551,0.794,0.905,0.956,0.979,0.996,0.999,1.0,0.999,1.0,1.0,1.0,1.0,1.0,1.0,1.0,1.0,1.0,1.0,1.0
6,0.548,0.781,0.888,0.949,0.983,0.99,0.995,0.997,1.0,1.0,1.0,1.0,1.0,1.0,1.0,1.0,1.0,1.0,1.0,1.0
7,0.536,0.785,0.899,0.939,0.987,0.989,0.999,0.997,1.0,1.0,1.0,0.999,1.0,1.0,1.0,1.0,1.0,1.0,1.0,1.0
8,0.492,0.758,0.89,0.951,0.98,0.981,0.992,0.996,0.999,1.0,0.999,1.0,1.0,1.0,1.0,1.0,1.0,1.0,1.0,1.0
9,0.527,0.788,0.903,0.957,0.985,0.993,0.995,0.996,1.0,1.0,0.999,1.0,1.0,1.0,1.0,1.0,1.0,1.0,1.0,1.0
10,0.531,0.784,0.91,0.956,0.981,0.989,0.993,0.997,1.0,1.0,1.0,1.0,1.0,1.0,1.0,1.0,1.0,1.0,1.0,1.0
11,0.542,0.79,0.932,0.956,0.984,0.992,0.995,0.998,0.999,1.0,1.0,1.0,1.0,1.0,1.0,1.0,1.0,1.0,1.0,1.0
12,0.511,0.77,0.882,0.943,0.969,0.992,0.994,0.995,0.995,0.999,1.0,1.0,1.0,1.0,1.0,1.0,1.0,1.0,1.0,1.0
13,0.524,0.781,0.897,0.942,0.982,0.994,0.994,0.996,1.0,1.0,1.0,1.0,1.0,1.0,1.0,1.0,1.0,1.0,1.0,1.0
14,0.57,0.811,0.914,0.962,0.984,0.992,0.999,0.999,1.0,0.999,1.0,1.0,1.0,1.0,1.0,1.0,1.0,1.0,1.0,1.0
15,0.55,0.801,0.907,0.962,0.987,0.994,0.996,1.0,1.0,0.999,1.0,1.0,1.0,1.0,1.0,1.0,1.0,1.0,1.0,1.0
16,0.524,0.77,0.903,0.956,0.981,0.986,0.999,0.995,1.0,1.0,1.0,1.0,1.0,1.0,1.0,1.0,1.0,1.0,1.0,1.0
17,0.52,0.775,0.905,0.955,0.977,0.991,0.997,0.997,0.998,0.999,1.0,1.0,1.0,1.0,1.0,1.0,1.0,1.0,1.0,1.0
18,0.482,0.736,0.849,0.94,0.957,0.975,0.993,0.995,0.997,0.998,0.999,1.0,1.0,1.0,1.0,1.0,1.0,1.0,1.0,1.0
19,0.523,0.739,0.883,0.927,0.977,0.985,0.994,0.998,1.0,0.999,1.0,0.999,1.0,1.0,1.0,1.0,1.0,1.0,1.0,1.0
20,0.56,0.84,0.928,0.967,0.984,0.994,0.999,0.999,1.0,1.0,1.0,1.0,1.0,1.0,1.0,1.0,1.0,1.0,1.0,1.0
21,0.522,0.818,0.902,0.954,0.985,0.989,0.996,0.999,0.998,1.0,1.0,1.0,1.0,1.0,1.0,1.0,1.0,1.0,1.0,1.0
22,0.563,0.795,0.937,0.959,0.985,0.989,0.996,0.999,0.998,1.0,1.0,1.0,1.0,1.0,1.0,1.0,1.0,1.0,1.0,1.0
23,0.573,0.804,0.915,0.967,0.981,0.991,0.999,1.0,1.0,1.0,1.0,1.0,1.0,1.0,1.0,1.0,1.0,1.0,1.0,1.0
24,0.54,0.776,0.897,0.944,0.963,0.986,0.993,0.999,0.999,1.0,1.0,1.0,1.0,1.0,1.0,1.0,1.0,1.0,1.0,1.0
25,0.53,0.8,0.898,0.948,0.979,0.991,0.997,0.995,1.0,1.0,1.0,1.0,1.0,1.0,1.0,1.0,1.0,1.0,1.0,1.0
26,0.519,0.779,0.903,0.952,0.971,0.988,0.995,0.999,1.0,1.0,1.0,1.0,1.0,1.0,1.0,1.0,1.0,1.0,1.0,1.0
27,0.539,0.765,0.885,0.939,0.981,0.988,0.998,0.996,0.998,0.999,1.0,1.0,1.0,1.0,1.0,1.0,1.0,1.0,1.0,1.0
28,0.536,0.816,0.926,0.969,0.983,0.994,0.997,0.998,1.0,1.0,1.0,1.0,1.0,1.0,1.0,1.0,1.0,1.0,1.0,1.0
29,0.579,0.816,0.913,0.969,0.981,0.995,1.0,0.998,0.999,1.0,1.0,1.0,1.0,1.0,1.0,1.0,1.0,1.0,1.0,1.0
average,0.5355333333333334,0.7858666666666668,0.9033666666666667,0.9535999999999999,0.9798666666666669,0.9900000000000002,0.9960333333333331,0.9975999999999999,0.9992,0.9995999999999999,0.9999,0.9999,1.0,1.0,1.0,1.0,1.0,1.0,1.0,1.0
stdev,0.022836349326779717,0.02690177962749744,0.01878459261044089,0.012187047958018157,0.007514277597752964,0.004586336529150551,0.0022664469129444467,0.001714039391170099,0.0012429109325317318,0.0007239737088005915,0.00030512857662936497,0.00030512857662936497,0.0,0.0,0.0,0.0,0.0,0.0,0.0,0.0