1 image,10 features
0,1.0,1.0,1.0,1.0,1.0,1.0,1.0,1.0,1.0,1.0,1.0,1.0,1.0,1.0,1.0,1.0,1.0,1.0,1.0,1.0
1,1.0,1.0,1.0,1.0,1.0,1.0,1.0,1.0,1.0,1.0,1.0,1.0,1.0,1.0,1.0,1.0,1.0,1.0,1.0,1.0
2,1.0,1.0,1.0,1.0,1.0,1.0,1.0,1.0,1.0,1.0,1.0,1.0,1.0,1.0,1.0,1.0,1.0,1.0,1.0,1.0
3,1.0,1.0,1.0,1.0,1.0,1.0,1.0,1.0,1.0,1.0,1.0,1.0,1.0,1.0,1.0,1.0,1.0,1.0,1.0,1.0
4,1.0,1.0,1.0,1.0,1.0,1.0,1.0,1.0,1.0,1.0,1.0,1.0,1.0,1.0,1.0,1.0,1.0,1.0,1.0,1.0
5,0.275,0.437,0.562,0.698,0.819,0.878,0.943,0.98,1.0,1.0,1.0,1.0,1.0,1.0,1.0,1.0,1.0,1.0,1.0,1.0
6,1.0,1.0,1.0,1.0,1.0,1.0,1.0,1.0,1.0,1.0,1.0,1.0,1.0,1.0,1.0,1.0,1.0,1.0,1.0,1.0
7,1.0,1.0,1.0,1.0,1.0,1.0,1.0,1.0,1.0,1.0,1.0,1.0,1.0,1.0,1.0,1.0,1.0,1.0,1.0,1.0
8,1.0,1.0,1.0,1.0,1.0,1.0,1.0,1.0,1.0,1.0,1.0,1.0,1.0,1.0,1.0,1.0,1.0,1.0,1.0,1.0
9,0.152,0.23,0.364,0.437,0.479,0.642,0.681,0.794,0.908,1.0,1.0,1.0,1.0,1.0,1.0,1.0,1.0,1.0,1.0,1.0
10,0.632,0.866,0.969,0.995,1.0,1.0,1.0,1.0,1.0,1.0,1.0,1.0,1.0,1.0,1.0,1.0,1.0,1.0,1.0,1.0
11,1.0,1.0,1.0,1.0,1.0,1.0,1.0,1.0,1.0,1.0,1.0,1.0,1.0,1.0,1.0,1.0,1.0,1.0,1.0,1.0
12,0.62,0.883,0.985,0.995,1.0,1.0,1.0,1.0,1.0,1.0,1.0,1.0,1.0,1.0,1.0,1.0,1.0,1.0,1.0,1.0
13,0.423,0.666,0.819,0.94,0.967,0.997,1.0,1.0,1.0,1.0,1.0,1.0,1.0,1.0,1.0,1.0,1.0,1.0,1.0,1.0
14,1.0,1.0,1.0,1.0,1.0,1.0,1.0,1.0,1.0,1.0,1.0,1.0,1.0,1.0,1.0,1.0,1.0,1.0,1.0,1.0
15,1.0,1.0,1.0,1.0,1.0,1.0,1.0,1.0,1.0,1.0,1.0,1.0,1.0,1.0,1.0,1.0,1.0,1.0,1.0,1.0
16,1.0,1.0,1.0,1.0,1.0,1.0,1.0,1.0,1.0,1.0,1.0,1.0,1.0,1.0,1.0,1.0,1.0,1.0,1.0,1.0
17,1.0,1.0,1.0,1.0,1.0,1.0,1.0,1.0,1.0,1.0,1.0,1.0,1.0,1.0,1.0,1.0,1.0,1.0,1.0,1.0
18,1.0,1.0,1.0,1.0,1.0,1.0,1.0,1.0,1.0,1.0,1.0,1.0,1.0,1.0,1.0,1.0,1.0,1.0,1.0,1.0
19,1.0,1.0,1.0,1.0,1.0,1.0,1.0,1.0,1.0,1.0,1.0,1.0,1.0,1.0,1.0,1.0,1.0,1.0,1.0,1.0
20,0.602,0.852,0.967,0.998,1.0,1.0,1.0,1.0,1.0,1.0,1.0,1.0,1.0,1.0,1.0,1.0,1.0,1.0,1.0,1.0
21,0.519,0.785,0.913,0.971,0.996,1.0,1.0,1.0,1.0,1.0,1.0,1.0,1.0,1.0,1.0,1.0,1.0,1.0,1.0,1.0
22,0.511,0.784,0.927,0.978,0.996,1.0,1.0,1.0,1.0,1.0,1.0,1.0,1.0,1.0,1.0,1.0,1.0,1.0,1.0,1.0
23,0.337,0.566,0.714,0.874,0.921,0.974,0.994,1.0,1.0,1.0,1.0,1.0,1.0,1.0,1.0,1.0,1.0,1.0,1.0,1.0
24,0.598,0.874,0.977,0.997,1.0,1.0,1.0,1.0,1.0,1.0,1.0,1.0,1.0,1.0,1.0,1.0,1.0,1.0,1.0,1.0
25,0.395,0.641,0.842,0.939,0.976,0.995,1.0,1.0,1.0,1.0,1.0,1.0,1.0,1.0,1.0,1.0,1.0,1.0,1.0,1.0
26,0.703,0.93,0.991,1.0,1.0,1.0,1.0,1.0,1.0,1.0,1.0,1.0,1.0,1.0,1.0,1.0,1.0,1.0,1.0,1.0
27,0.524,0.755,0.906,0.973,0.994,1.0,1.0,1.0,1.0,1.0,1.0,1.0,1.0,1.0,1.0,1.0,1.0,1.0,1.0,1.0
28,0.419,0.647,0.807,0.916,0.962,0.996,0.999,1.0,1.0,1.0,1.0,1.0,1.0,1.0,1.0,1.0,1.0,1.0,1.0,1.0
29,0.313,0.542,0.693,0.816,0.912,0.952,0.986,0.999,1.0,1.0,1.0,1.0,1.0,1.0,1.0,1.0,1.0,1.0,1.0,1.0
average,0.7340999999999998,0.8485999999999998,0.9145333333333332,0.9509,0.9673999999999998,0.9811333333333333,0.9867666666666666,0.9924333333333333,0.9969333333333333,1.0,1.0,1.0,1.0,1.0,1.0,1.0,1.0,1.0,1.0,1.0
stdev,0.29106206827102515,0.20448481943486746,0.15232015587261416,0.11774822643074591,0.09991051168334385,0.06832969432418662,0.05871889981430423,0.037655135046926844,0.016796825096825087,0.0,0.0,0.0,0.0,0.0,0.0,0.0,0.0,0.0,0.0,0.0

1 image, 20 features
0,0.358,0.575,0.747,0.858,0.924,0.96,0.983,0.991,0.998,0.998,1.0,0.999,1.0,1.0,1.0,1.0,1.0,1.0,1.0,1.0
1,0.462,0.691,0.871,0.937,0.963,0.991,0.999,1.0,1.0,1.0,1.0,1.0,1.0,1.0,1.0,1.0,1.0,1.0,1.0,1.0
2,0.44,0.659,0.819,0.925,0.946,0.968,0.99,1.0,1.0,1.0,1.0,1.0,1.0,1.0,1.0,1.0,1.0,1.0,1.0,1.0
3,0.501,0.744,0.901,0.968,0.978,0.996,0.999,1.0,1.0,1.0,1.0,1.0,1.0,1.0,1.0,1.0,1.0,1.0,1.0,1.0
4,0.549,0.81,0.928,0.976,0.994,0.999,1.0,1.0,1.0,1.0,1.0,1.0,1.0,1.0,1.0,1.0,1.0,1.0,1.0,1.0
5,0.572,0.807,0.927,0.965,0.985,1.0,1.0,1.0,1.0,1.0,1.0,1.0,1.0,1.0,1.0,1.0,1.0,1.0,1.0,1.0
6,1.0,1.0,1.0,1.0,1.0,1.0,1.0,1.0,1.0,1.0,1.0,1.0,1.0,1.0,1.0,1.0,1.0,1.0,1.0,1.0
7,0.199,0.349,0.537,0.646,0.718,0.786,0.861,0.916,0.941,0.955,0.973,0.986,0.992,0.994,1.0,1.0,1.0,1.0,1.0,1.0
8,1.0,1.0,1.0,1.0,1.0,1.0,1.0,1.0,1.0,1.0,1.0,1.0,1.0,1.0,1.0,1.0,1.0,1.0,1.0,1.0
9,0.459,0.711,0.844,0.923,0.967,0.986,0.996,0.998,1.0,1.0,1.0,1.0,1.0,1.0,1.0,1.0,1.0,1.0,1.0,1.0
10,0.569,0.789,0.927,0.968,0.995,0.998,0.999,1.0,1.0,1.0,1.0,1.0,1.0,1.0,1.0,1.0,1.0,1.0,1.0,1.0
11,0.425,0.67,0.808,0.902,0.948,0.981,0.995,0.998,0.999,0.999,0.999,1.0,1.0,1.0,1.0,1.0,1.0,1.0,1.0,1.0
12,0.619,0.845,0.95,0.986,0.997,1.0,1.0,1.0,1.0,1.0,1.0,1.0,1.0,1.0,1.0,1.0,1.0,1.0,1.0,1.0
13,0.558,0.791,0.915,0.96,0.992,0.998,0.999,1.0,1.0,1.0,1.0,1.0,1.0,1.0,1.0,1.0,1.0,1.0,1.0,1.0
14,0.326,0.525,0.695,0.834,0.872,0.926,0.966,0.974,0.992,0.993,0.998,0.999,1.0,1.0,1.0,1.0,1.0,1.0,1.0,1.0
15,0.358,0.595,0.764,0.863,0.919,0.956,0.976,0.992,0.994,0.998,0.999,1.0,1.0,1.0,1.0,1.0,1.0,1.0,1.0,1.0
16,0.509,0.767,0.892,0.947,0.977,0.994,0.998,1.0,1.0,1.0,1.0,1.0,1.0,1.0,1.0,1.0,1.0,1.0,1.0,1.0
17,0.545,0.813,0.925,0.972,0.992,0.998,1.0,1.0,1.0,1.0,1.0,1.0,1.0,1.0,1.0,1.0,1.0,1.0,1.0,1.0
18,0.667,0.893,0.965,0.987,1.0,0.999,1.0,1.0,1.0,1.0,1.0,1.0,1.0,1.0,1.0,1.0,1.0,1.0,1.0,1.0
19,0.513,0.762,0.905,0.96,0.983,0.994,0.998,1.0,1.0,1.0,1.0,1.0,1.0,1.0,1.0,1.0,1.0,1.0,1.0,1.0
20,0.571,0.825,0.933,0.979,0.985,0.997,1.0,1.0,1.0,1.0,1.0,1.0,1.0,1.0,1.0,1.0,1.0,1.0,1.0,1.0
21,0.315,0.521,0.693,0.795,0.865,0.927,0.968,0.978,0.995,0.997,0.998,1.0,1.0,1.0,1.0,1.0,1.0,1.0,1.0,1.0
22,0.284,0.489,0.617,0.767,0.852,0.884,0.918,0.961,0.976,0.99,0.993,0.998,1.0,1.0,1.0,1.0,1.0,1.0,1.0,1.0
23,0.459,0.717,0.845,0.943,0.973,0.984,0.996,1.0,0.999,1.0,1.0,1.0,1.0,1.0,1.0,1.0,1.0,1.0,1.0,1.0
24,0.322,0.531,0.666,0.795,0.877,0.931,0.948,0.976,0.991,0.995,0.998,1.0,1.0,1.0,1.0,1.0,1.0,1.0,1.0,1.0
25,0.647,0.886,0.974,0.992,0.997,1.0,1.0,1.0,1.0,1.0,1.0,1.0,1.0,1.0,1.0,1.0,1.0,1.0,1.0,1.0
26,0.625,0.864,0.957,0.989,0.995,1.0,1.0,1.0,1.0,1.0,1.0,1.0,1.0,1.0,1.0,1.0,1.0,1.0,1.0,1.0
27,0.486,0.76,0.886,0.944,0.98,0.996,0.999,0.999,1.0,1.0,1.0,1.0,1.0,1.0,1.0,1.0,1.0,1.0,1.0,1.0
28,0.407,0.656,0.808,0.901,0.943,0.972,0.989,0.993,1.0,1.0,1.0,1.0,1.0,1.0,1.0,1.0,1.0,1.0,1.0,1.0
29,0.475,0.772,0.873,0.942,0.98,0.993,0.999,0.999,1.0,1.0,1.0,1.0,1.0,1.0,1.0,1.0,1.0,1.0,1.0,1.0
average,0.5073333333333333,0.7272333333333333,0.8524,0.9208000000000001,0.9532333333333334,0.9737999999999999,0.9858666666666667,0.9924999999999998,0.9961666666666666,0.9974999999999999,0.9986,0.9994000000000001,0.9997333333333334,0.9998,1.0,1.0,1.0,1.0,1.0,1.0
stdev,0.17596714688148238,0.15032394521747733,0.1169375312160153,0.08268652894495883,0.062347570443681964,0.04572737805131927,0.029996244975724517,0.017448940289925323,0.011489375401928384,0.008365569832395746,0.005028196358605111,0.0025677039253535197,0.0014605934866804443,0.001095445115010333,0.0,0.0,0.0,0.0,0.0,0.0

1 image, 30 features
0,0.192,0.351,0.437,0.516,0.632,0.699,0.782,0.829,0.861,0.901,0.917,0.936,0.95,0.962,0.979,0.987,0.992,0.993,0.997,0.999
1,0.374,0.645,0.796,0.893,0.937,0.971,0.985,0.995,0.996,1.0,0.999,0.998,1.0,1.0,1.0,1.0,1.0,1.0,1.0,1.0
2,0.42,0.677,0.801,0.881,0.934,0.972,0.99,0.995,1.0,1.0,0.999,1.0,1.0,1.0,1.0,1.0,1.0,1.0,1.0,1.0
3,0.492,0.738,0.858,0.946,0.967,0.985,0.994,1.0,1.0,1.0,0.999,1.0,1.0,1.0,1.0,1.0,1.0,1.0,1.0,1.0
4,0.435,0.683,0.833,0.93,0.959,0.981,0.99,0.996,0.999,1.0,1.0,1.0,1.0,1.0,1.0,1.0,1.0,1.0,1.0,1.0
5,0.563,0.786,0.924,0.968,0.988,0.99,0.998,1.0,1.0,1.0,1.0,1.0,1.0,1.0,1.0,1.0,1.0,1.0,1.0,1.0
6,0.435,0.681,0.796,0.895,0.943,0.968,0.991,0.994,1.0,0.999,1.0,0.999,1.0,1.0,1.0,1.0,1.0,1.0,1.0,1.0
7,0.513,0.791,0.922,0.958,0.987,0.996,0.997,1.0,1.0,1.0,1.0,1.0,1.0,1.0,1.0,1.0,1.0,1.0,1.0,1.0
8,0.48,0.713,0.841,0.931,0.967,0.986,0.993,0.993,0.997,0.999,1.0,1.0,1.0,1.0,1.0,1.0,1.0,1.0,1.0,1.0
9,0.515,0.746,0.905,0.957,0.981,0.99,0.995,0.998,1.0,1.0,1.0,1.0,1.0,1.0,1.0,1.0,1.0,1.0,1.0,1.0
10,0.521,0.777,0.875,0.955,0.986,0.989,0.999,0.999,1.0,1.0,1.0,1.0,1.0,1.0,1.0,1.0,1.0,1.0,1.0,1.0
11,0.793,0.914,0.968,0.989,0.996,0.998,1.0,1.0,1.0,1.0,1.0,1.0,1.0,1.0,1.0,1.0,1.0,1.0,1.0,1.0
12,0.499,0.747,0.883,0.96,0.981,0.986,0.997,1.0,1.0,1.0,1.0,1.0,1.0,1.0,1.0,1.0,1.0,1.0,1.0,1.0
13,0.492,0.785,0.886,0.949,0.983,0.998,0.997,0.999,1.0,1.0,1.0,1.0,1.0,1.0,1.0,1.0,1.0,1.0,1.0,1.0
14,0.384,0.669,0.797,0.923,0.948,0.977,0.981,0.997,0.997,0.999,1.0,0.999,1.0,0.999,1.0,1.0,1.0,1.0,1.0,1.0
15,0.448,0.69,0.838,0.919,0.954,0.983,0.99,0.994,0.999,0.997,1.0,1.0,1.0,1.0,1.0,1.0,1.0,1.0,1.0,1.0
16,0.7,0.904,0.979,0.992,1.0,1.0,1.0,1.0,1.0,1.0,1.0,1.0,1.0,1.0,1.0,1.0,1.0,1.0,1.0,1.0
17,0.439,0.669,0.842,0.927,0.949,0.979,0.992,0.994,0.997,0.999,1.0,1.0,1.0,1.0,1.0,1.0,1.0,1.0,1.0,1.0
18,0.475,0.714,0.871,0.927,0.971,0.988,0.993,0.998,0.998,0.999,1.0,1.0,1.0,1.0,1.0,1.0,1.0,1.0,1.0,1.0
19,0.535,0.808,0.903,0.968,0.985,0.995,1.0,0.999,1.0,1.0,1.0,1.0,1.0,1.0,1.0,1.0,1.0,1.0,1.0,1.0
20,0.581,0.827,0.938,0.966,0.992,0.999,1.0,1.0,1.0,1.0,1.0,1.0,1.0,1.0,1.0,1.0,1.0,1.0,1.0,1.0
21,0.367,0.62,0.772,0.847,0.923,0.958,0.975,0.988,0.995,0.994,0.998,1.0,1.0,1.0,1.0,1.0,1.0,1.0,1.0,1.0
22,0.528,0.774,0.881,0.948,0.985,0.992,0.999,1.0,1.0,1.0,1.0,1.0,1.0,1.0,1.0,1.0,1.0,1.0,1.0,1.0
23,0.628,0.869,0.96,0.988,0.997,1.0,1.0,1.0,1.0,1.0,1.0,1.0,1.0,1.0,1.0,1.0,1.0,1.0,1.0,1.0
24,0.516,0.769,0.894,0.948,0.985,0.987,0.997,0.999,0.999,1.0,1.0,1.0,1.0,1.0,1.0,1.0,1.0,1.0,1.0,1.0
25,0.505,0.752,0.89,0.947,0.98,0.988,0.998,0.997,1.0,1.0,1.0,1.0,1.0,1.0,1.0,1.0,1.0,1.0,1.0,1.0
26,0.498,0.768,0.886,0.947,0.979,0.99,0.995,0.997,1.0,0.999,1.0,1.0,1.0,1.0,1.0,1.0,1.0,1.0,1.0,1.0
27,0.586,0.83,0.934,0.979,0.989,0.992,1.0,1.0,1.0,1.0,1.0,1.0,1.0,1.0,1.0,1.0,1.0,1.0,1.0,1.0
28,0.388,0.633,0.811,0.893,0.934,0.971,0.987,0.99,0.992,0.998,0.997,1.0,1.0,1.0,1.0,1.0,1.0,1.0,1.0,1.0
29,0.48,0.724,0.868,0.937,0.974,0.99,0.997,0.999,0.999,1.0,1.0,1.0,1.0,1.0,1.0,1.0,1.0,1.0,1.0,1.0
average,0.49273333333333336,0.7351333333333332,0.8596333333333331,0.9261333333333334,0.9595333333333333,0.9765999999999998,0.9870666666666666,0.9916666666666666,0.9943000000000001,0.9961333333333332,0.9969666666666668,0.9977333333333334,0.9983333333333333,0.9986999999999999,0.9993,0.9995666666666667,0.9997333333333334,0.9997666666666667,0.9999,0.9999666666666668
stdev,0.10811262752280631,0.10432995844859261,0.09659745243065136,0.0844032738919419,0.0654426484021319,0.053440653516549204,0.03920321356755066,0.030886146133639047,0.025247942900158325,0.01801098004826085,0.015119029647145486,0.011667619008749519,0.009128709291752777,0.006933924599015169,0.003834057902536166,0.002373464415855722,0.0014605934866804443,0.0012780193008453888,0.0005477225575051665,0.00018257418583505553

1 image, 40 features
0,0.373,0.609,0.75,0.863,0.91,0.934,0.973,0.986,0.987,0.994,0.998,0.998,0.998,1.0,1.0,1.0,1.0,1.0,1.0,1.0
1,0.568,0.839,0.917,0.985,0.996,0.998,0.999,1.0,1.0,1.0,1.0,1.0,1.0,1.0,1.0,1.0,1.0,1.0,1.0,1.0
2,0.448,0.673,0.841,0.919,0.946,0.979,0.987,0.998,0.998,1.0,0.999,1.0,0.999,1.0,1.0,1.0,1.0,1.0,1.0,1.0
3,0.398,0.656,0.792,0.898,0.943,0.969,0.982,0.996,0.991,0.998,1.0,1.0,1.0,1.0,1.0,1.0,1.0,1.0,1.0,1.0
4,0.496,0.73,0.887,0.934,0.966,0.991,0.991,1.0,1.0,0.999,1.0,1.0,1.0,1.0,1.0,1.0,1.0,1.0,1.0,1.0
5,0.273,0.487,0.632,0.749,0.839,0.898,0.927,0.954,0.967,0.977,0.985,0.991,0.997,0.997,0.996,1.0,0.999,1.0,1.0,0.999
6,0.439,0.66,0.815,0.861,0.939,0.971,0.979,0.992,0.998,0.996,0.999,1.0,1.0,1.0,1.0,1.0,1.0,1.0,1.0,1.0
7,0.512,0.742,0.888,0.941,0.968,0.987,0.996,0.999,0.998,1.0,1.0,1.0,1.0,1.0,1.0,1.0,1.0,1.0,1.0,1.0
8,0.498,0.751,0.897,0.945,0.979,0.987,0.999,0.999,0.999,1.0,1.0,1.0,1.0,1.0,1.0,1.0,1.0,1.0,1.0,1.0
9,0.576,0.799,0.918,0.965,0.992,0.994,0.998,0.999,1.0,1.0,1.0,1.0,1.0,1.0,1.0,1.0,1.0,1.0,1.0,1.0
10,0.429,0.694,0.83,0.935,0.964,0.97,0.988,0.994,0.997,0.998,1.0,1.0,1.0,1.0,1.0,1.0,1.0,1.0,1.0,1.0
11,0.497,0.75,0.891,0.948,0.975,0.988,0.995,0.998,0.998,1.0,1.0,1.0,1.0,1.0,1.0,1.0,1.0,1.0,1.0,1.0
12,0.375,0.617,0.775,0.858,0.906,0.965,0.979,0.988,0.996,0.998,0.997,0.997,0.999,1.0,1.0,1.0,0.999,1.0,1.0,1.0
13,0.494,0.716,0.882,0.933,0.974,0.99,0.998,0.997,0.999,1.0,1.0,1.0,1.0,1.0,1.0,1.0,1.0,1.0,1.0,1.0
14,0.554,0.814,0.923,0.96,0.986,0.995,0.998,1.0,1.0,1.0,1.0,1.0,1.0,1.0,1.0,1.0,1.0,1.0,1.0,1.0
15,0.469,0.688,0.856,0.922,0.952,0.984,0.989,0.994,0.999,0.997,1.0,0.999,0.999,1.0,1.0,1.0,1.0,1.0,1.0,1.0
16,0.474,0.769,0.88,0.951,0.985,0.986,0.996,1.0,1.0,1.0,1.0,1.0,1.0,1.0,1.0,1.0,1.0,1.0,1.0,1.0
17,0.383,0.577,0.731,0.851,0.925,0.956,0.973,0.982,0.985,0.99,0.996,0.995,1.0,0.998,1.0,1.0,1.0,1.0,1.0,1.0
18,0.521,0.822,0.919,0.964,0.988,0.995,0.998,1.0,1.0,1.0,1.0,1.0,1.0,1.0,1.0,1.0,1.0,1.0,1.0,1.0
19,0.535,0.742,0.874,0.951,0.98,0.986,0.996,0.997,0.997,1.0,1.0,0.999,1.0,1.0,1.0,1.0,1.0,1.0,1.0,1.0
20,0.34,0.543,0.712,0.816,0.891,0.918,0.947,0.978,0.985,0.991,0.994,0.998,0.998,1.0,0.999,1.0,1.0,1.0,1.0,1.0
21,0.585,0.842,0.936,0.985,0.994,0.998,0.999,0.999,1.0,1.0,1.0,1.0,1.0,1.0,1.0,1.0,1.0,1.0,1.0,1.0
22,0.452,0.695,0.826,0.92,0.953,0.972,0.982,0.993,1.0,1.0,1.0,1.0,1.0,1.0,1.0,1.0,1.0,1.0,1.0,1.0
23,0.26,0.431,0.619,0.709,0.789,0.842,0.884,0.937,0.947,0.974,0.968,0.984,0.992,0.993,0.998,0.998,0.999,0.999,0.999,1.0
24,0.278,0.465,0.579,0.692,0.801,0.865,0.9,0.92,0.964,0.956,0.979,0.991,0.989,0.997,0.991,0.998,0.998,0.998,0.997,1.0
25,0.414,0.645,0.786,0.883,0.949,0.966,0.981,0.991,0.993,0.999,0.999,1.0,1.0,1.0,1.0,1.0,1.0,1.0,1.0,1.0
26,0.576,0.81,0.91,0.968,0.977,0.995,1.0,0.999,0.998,1.0,1.0,1.0,1.0,1.0,1.0,1.0,1.0,1.0,1.0,1.0
27,0.567,0.784,0.895,0.973,0.981,0.995,0.997,1.0,1.0,1.0,1.0,1.0,1.0,1.0,1.0,1.0,1.0,1.0,1.0,1.0
28,0.47,0.697,0.863,0.941,0.963,0.983,0.988,0.995,1.0,0.999,1.0,1.0,1.0,1.0,1.0,1.0,1.0,1.0,1.0,1.0
29,0.478,0.771,0.877,0.95,0.978,0.985,0.993,1.0,0.999,1.0,1.0,1.0,1.0,1.0,1.0,1.0,1.0,1.0,1.0,1.0
average,0.45773333333333344,0.6939333333333333,0.8300333333333332,0.9056666666666665,0.9463000000000001,0.9680666666666667,0.9803999999999997,0.9894999999999999,0.9931666666666665,0.9955333333333332,0.9971333333333333,0.9984,0.9990333333333334,0.9994999999999999,0.9994666666666667,0.9998666666666668,0.9998333333333332,0.9999,0.9998666666666666,0.9999666666666667
stdev,0.09156378343418105,0.10989208918010347,0.09528522819746868,0.07710688208174298,0.053824843642164416,0.03908164163189256,0.028903644919891544,0.01917568503474449,0.012594698757080674,0.00982513782770163,0.007219386416440468,0.003644551909451926,0.002470283151902778,0.0014797483476638171,0.0017952683659406279,0.0005074162634049254,0.0004611330373774145,0.00040257789993644914,0.0005713464637233664,0.00018257418583505553

1 image, 50 features
0,0.401,0.667,0.839,0.89,0.949,0.975,0.986,0.992,0.995,0.998,1.0,0.999,1.0,0.999,1.0,1.0,1.0,1.0,1.0,1.0
1,0.429,0.676,0.805,0.914,0.945,0.977,0.984,0.995,0.994,0.998,0.999,1.0,1.0,1.0,1.0,1.0,1.0,1.0,1.0,1.0
2,0.387,0.6,0.759,0.848,0.893,0.936,0.956,0.978,0.984,0.994,0.997,0.997,0.996,0.999,1.0,1.0,1.0,1.0,1.0,1.0
3,0.528,0.776,0.881,0.961,0.98,0.992,0.996,1.0,1.0,1.0,1.0,1.0,1.0,1.0,1.0,1.0,1.0,1.0,1.0,1.0
4,0.449,0.705,0.829,0.901,0.935,0.973,0.988,0.989,0.997,0.998,0.998,1.0,0.999,1.0,1.0,1.0,1.0,1.0,1.0,1.0
5,0.366,0.652,0.772,0.852,0.912,0.954,0.972,0.985,0.988,0.992,0.994,1.0,1.0,0.999,1.0,1.0,1.0,1.0,1.0,1.0
6,0.367,0.574,0.742,0.825,0.9,0.924,0.968,0.976,0.993,0.994,0.994,1.0,0.997,0.998,1.0,1.0,1.0,1.0,1.0,1.0
7,0.548,0.808,0.917,0.966,0.985,0.992,1.0,1.0,1.0,1.0,1.0,1.0,1.0,1.0,1.0,1.0,1.0,1.0,1.0,1.0
8,0.398,0.599,0.766,0.864,0.917,0.953,0.98,0.982,0.992,0.995,0.998,1.0,1.0,0.998,1.0,1.0,1.0,1.0,1.0,1.0
9,0.437,0.685,0.843,0.897,0.961,0.975,0.987,0.994,0.995,0.998,0.998,0.999,1.0,1.0,1.0,1.0,1.0,1.0,1.0,1.0
10,0.364,0.595,0.77,0.839,0.907,0.946,0.963,0.982,0.994,0.997,0.998,0.997,1.0,0.999,1.0,1.0,1.0,1.0,1.0,1.0
11,0.55,0.814,0.925,0.968,0.987,0.994,1.0,0.999,1.0,1.0,1.0,1.0,1.0,1.0,1.0,1.0,1.0,1.0,1.0,1.0
12,0.428,0.644,0.81,0.891,0.946,0.971,0.989,0.992,0.998,0.996,1.0,1.0,1.0,1.0,1.0,1.0,1.0,1.0,1.0,1.0
13,0.585,0.84,0.931,0.983,0.995,0.998,0.997,1.0,1.0,1.0,1.0,1.0,1.0,1.0,1.0,1.0,1.0,1.0,1.0,1.0
14,0.372,0.628,0.768,0.859,0.913,0.959,0.962,0.985,0.993,0.998,0.999,0.998,0.999,1.0,1.0,1.0,1.0,1.0,1.0,1.0
15,0.448,0.674,0.828,0.925,0.969,0.977,0.986,0.992,0.996,0.997,1.0,1.0,1.0,1.0,1.0,1.0,1.0,1.0,1.0,1.0
16,0.546,0.782,0.906,0.962,0.981,0.995,0.997,0.999,1.0,0.999,1.0,1.0,1.0,1.0,1.0,1.0,1.0,1.0,1.0,1.0
17,0.53,0.801,0.894,0.946,0.981,0.992,0.998,0.999,1.0,0.999,1.0,1.0,1.0,1.0,1.0,1.0,1.0,1.0,1.0,1.0
18,0.584,0.843,0.922,0.976,0.991,0.997,0.999,0.997,1.0,1.0,1.0,1.0,1.0,1.0,1.0,1.0,1.0,1.0,1.0,1.0
19,1.0,1.0,1.0,1.0,1.0,1.0,1.0,1.0,1.0,1.0,1.0,1.0,1.0,1.0,1.0,1.0,1.0,1.0,1.0,1.0
20,0.516,0.752,0.884,0.934,0.973,0.984,0.994,0.995,0.998,0.999,1.0,1.0,1.0,1.0,1.0,1.0,1.0,1.0,1.0,1.0
21,0.52,0.761,0.891,0.945,0.975,0.989,0.997,0.999,0.999,1.0,1.0,1.0,1.0,1.0,1.0,1.0,1.0,1.0,1.0,1.0
22,0.384,0.58,0.725,0.839,0.898,0.932,0.958,0.975,0.98,0.995,0.991,0.993,0.998,1.0,1.0,0.998,1.0,1.0,1.0,1.0
23,0.654,0.853,0.957,0.98,0.995,0.997,0.999,1.0,1.0,1.0,1.0,1.0,1.0,1.0,1.0,1.0,1.0,1.0,1.0,1.0
24,0.543,0.799,0.908,0.952,0.976,0.993,0.999,0.999,1.0,1.0,1.0,1.0,1.0,1.0,1.0,1.0,1.0,1.0,1.0,1.0
25,0.515,0.783,0.898,0.952,0.972,0.989,0.999,0.998,1.0,1.0,1.0,1.0,1.0,1.0,1.0,1.0,1.0,1.0,1.0,1.0
26,0.545,0.833,0.936,0.97,0.985,0.999,1.0,0.999,1.0,1.0,1.0,1.0,1.0,1.0,1.0,1.0,1.0,1.0,1.0,1.0
27,0.576,0.787,0.894,0.957,0.985,0.996,0.997,1.0,1.0,1.0,1.0,1.0,1.0,1.0,1.0,1.0,1.0,1.0,1.0,1.0
28,0.46,0.743,0.87,0.935,0.968,0.986,0.994,0.997,1.0,1.0,0.999,1.0,1.0,1.0,1.0,1.0,1.0,1.0,1.0,1.0
29,0.559,0.803,0.914,0.955,0.984,0.993,0.999,1.0,0.999,1.0,1.0,1.0,1.0,1.0,1.0,1.0,1.0,1.0,1.0,1.0
average,0.4996333333333334,0.7352333333333333,0.8594666666666668,0.9228666666666665,0.9586000000000001,0.9779333333333331,0.9881333333333332,0.9932666666666666,0.9964999999999999,0.9982333333333332,0.9988333333333332,0.9994333333333334,0.9996333333333334,0.9997333333333334,1.0,0.9999333333333333,1.0,1.0,1.0,1.0
stdev,0.12438302449132355,0.10156115308567522,0.07144794745408925,0.05088576342691765,0.03354112247006237,0.021792015832019493,0.01403378517851766,0.007986770670748381,0.005090559213234664,0.0022694877643740863,0.0021984843263788217,0.0014781939897267787,0.0009643054793328026,0.0005832922809856752,0.0,0.00036514837167011106,0.0,0.0,0.0,0.0

1 image, 60 features
0,0.506,0.745,0.878,0.94,0.973,0.993,0.999,0.999,0.999,1.0,1.0,1.0,1.0,1.0,1.0,1.0,1.0,1.0,1.0,1.0
1,0.487,0.772,0.876,0.949,0.974,0.996,0.993,0.999,1.0,1.0,0.999,1.0,1.0,1.0,1.0,1.0,1.0,1.0,1.0,1.0
2,0.41,0.649,0.816,0.898,0.937,0.955,0.978,0.983,0.995,0.996,1.0,0.999,0.999,1.0,1.0,1.0,1.0,1.0,1.0,1.0
3,0.475,0.729,0.894,0.927,0.98,0.989,0.997,0.997,1.0,1.0,1.0,1.0,1.0,1.0,1.0,1.0,1.0,1.0,1.0,1.0
4,0.445,0.715,0.85,0.931,0.961,0.977,0.992,0.991,0.997,0.999,1.0,1.0,1.0,1.0,1.0,1.0,1.0,1.0,1.0,1.0
5,0.398,0.646,0.802,0.861,0.937,0.967,0.977,0.983,0.994,0.994,1.0,0.999,1.0,1.0,1.0,1.0,1.0,1.0,1.0,1.0
6,0.386,0.612,0.746,0.85,0.929,0.956,0.977,0.982,0.992,0.996,0.996,0.999,0.998,1.0,1.0,1.0,1.0,1.0,1.0,1.0
7,0.494,0.769,0.892,0.964,0.972,0.992,0.997,0.999,0.999,1.0,1.0,1.0,1.0,1.0,1.0,1.0,1.0,1.0,1.0,1.0
8,0.548,0.805,0.912,0.963,0.978,0.995,0.994,1.0,0.998,1.0,1.0,1.0,1.0,1.0,1.0,1.0,1.0,1.0,1.0,1.0
9,0.37,0.596,0.739,0.863,0.891,0.949,0.966,0.978,0.989,0.995,0.999,0.999,1.0,0.999,1.0,1.0,1.0,1.0,1.0,1.0
10,0.525,0.784,0.882,0.953,0.969,0.986,0.999,0.999,1.0,1.0,1.0,1.0,1.0,1.0,1.0,1.0,1.0,1.0,1.0,1.0
11,0.368,0.592,0.74,0.844,0.913,0.938,0.955,0.976,0.995,0.996,0.996,0.998,1.0,1.0,1.0,1.0,1.0,1.0,1.0,1.0
12,0.408,0.656,0.807,0.879,0.938,0.958,0.986,0.992,0.994,0.998,0.999,0.999,0.998,0.999,1.0,1.0,1.0,1.0,1.0,1.0
13,0.512,0.762,0.882,0.948,0.984,0.993,0.994,0.996,0.999,0.999,0.999,1.0,0.999,1.0,1.0,1.0,1.0,1.0,1.0,1.0
14,0.401,0.631,0.793,0.87,0.936,0.973,0.972,0.985,0.994,0.996,0.998,1.0,0.999,1.0,1.0,0.999,1.0,1.0,1.0,1.0
15,0.475,0.712,0.849,0.927,0.967,0.981,0.992,0.995,0.997,1.0,1.0,0.999,1.0,1.0,1.0,1.0,1.0,1.0,1.0,1.0
16,0.459,0.748,0.861,0.93,0.96,0.972,0.997,0.998,0.999,0.997,0.999,1.0,1.0,1.0,1.0,1.0,1.0,1.0,1.0,1.0
17,0.55,0.835,0.924,0.978,0.996,0.996,0.998,0.999,1.0,1.0,1.0,1.0,1.0,1.0,1.0,1.0,1.0,1.0,1.0,1.0
18,0.501,0.749,0.889,0.93,0.974,0.988,0.992,0.996,0.997,1.0,1.0,1.0,1.0,1.0,1.0,1.0,1.0,1.0,1.0,1.0
19,0.439,0.698,0.829,0.924,0.952,0.975,0.988,0.997,0.997,1.0,1.0,1.0,1.0,1.0,0.999,1.0,1.0,1.0,1.0,1.0
20,0.389,0.605,0.803,0.839,0.938,0.947,0.975,0.983,0.993,0.993,0.999,0.998,0.999,1.0,1.0,1.0,1.0,1.0,1.0,1.0
21,0.422,0.643,0.816,0.881,0.939,0.952,0.979,0.995,0.991,0.993,0.999,0.998,0.999,0.999,1.0,1.0,0.999,1.0,1.0,1.0
22,0.338,0.579,0.705,0.784,0.866,0.902,0.937,0.965,0.985,0.99,0.989,0.998,0.998,0.998,0.999,1.0,1.0,1.0,1.0,1.0
23,0.47,0.746,0.874,0.943,0.961,0.988,0.997,0.999,0.999,0.999,0.999,1.0,1.0,1.0,1.0,1.0,1.0,1.0,1.0,1.0
24,0.531,0.768,0.888,0.952,0.979,0.982,0.995,0.999,1.0,0.999,1.0,1.0,1.0,1.0,1.0,1.0,1.0,1.0,1.0,1.0
25,0.575,0.822,0.916,0.97,0.986,0.997,0.999,1.0,1.0,1.0,1.0,1.0,1.0,1.0,1.0,1.0,1.0,1.0,1.0,1.0
26,0.425,0.655,0.788,0.886,0.925,0.963,0.978,0.981,0.993,0.999,0.997,1.0,1.0,1.0,1.0,1.0,1.0,1.0,1.0,1.0
27,0.396,0.631,0.793,0.893,0.934,0.97,0.972,0.991,0.992,0.992,0.998,0.999,0.998,1.0,1.0,1.0,1.0,1.0,1.0,1.0
28,0.578,0.791,0.908,0.957,0.985,0.994,1.0,0.998,1.0,1.0,1.0,1.0,1.0,1.0,1.0,1.0,1.0,1.0,1.0,1.0
29,0.427,0.655,0.812,0.88,0.928,0.96,0.983,0.989,0.997,0.997,0.999,1.0,0.999,1.0,1.0,1.0,1.0,1.0,1.0,1.0
average,0.45693333333333336,0.7033333333333334,0.8388000000000001,0.9104666666666664,0.9520666666666667,0.9728000000000001,0.9852666666666668,0.9914666666666666,0.9961666666666665,0.9975999999999998,0.9988333333333334,0.9995,0.9995333333333334,0.9998333333333334,0.9999333333333332,0.9999666666666668,0.9999666666666667,1.0,1.0,1.0
stdev,0.06537105408851594,0.07560666515653203,0.05910563308238028,0.047534911550269586,0.02994585151550219,0.02187014970858367,0.014748309858358717,0.00898171834159902,0.0038244524812852915,0.0028839627909025387,0.002182743186014324,0.0007310832774866969,0.0007302967433402221,0.0004611330373774145,0.0002537081317024627,0.00018257418583505553,0.00018257418583505553,0.0,0.0,0.0

1 image, 70 features
0,0.385,0.617,0.766,0.848,0.942,0.959,0.97,0.987,0.993,0.994,1.0,0.998,0.999,1.0,1.0,1.0,1.0,1.0,1.0,1.0
1,0.455,0.699,0.833,0.903,0.949,0.972,0.991,0.997,0.998,0.998,0.998,1.0,1.0,1.0,1.0,1.0,1.0,1.0,1.0,1.0
2,0.492,0.743,0.892,0.956,0.975,0.99,0.997,0.996,0.999,0.999,1.0,1.0,1.0,1.0,1.0,1.0,1.0,1.0,1.0,1.0
3,0.556,0.785,0.892,0.957,0.988,0.986,0.997,0.999,1.0,1.0,1.0,1.0,1.0,1.0,1.0,1.0,1.0,1.0,1.0,1.0
4,0.428,0.685,0.762,0.902,0.933,0.969,0.983,0.99,0.996,0.999,0.998,0.998,1.0,1.0,1.0,1.0,1.0,1.0,1.0,1.0
5,0.534,0.764,0.882,0.95,0.968,0.989,0.989,0.998,0.999,0.998,1.0,0.999,1.0,1.0,1.0,1.0,1.0,1.0,1.0,1.0
6,0.446,0.677,0.8,0.901,0.931,0.961,0.975,0.992,0.993,0.997,1.0,1.0,0.999,0.999,1.0,1.0,1.0,1.0,1.0,1.0
7,0.499,0.74,0.845,0.937,0.957,0.992,0.989,0.997,0.999,1.0,0.998,1.0,1.0,1.0,1.0,1.0,1.0,1.0,1.0,1.0
8,0.54,0.802,0.909,0.956,0.981,0.993,0.997,0.999,0.999,1.0,1.0,1.0,1.0,1.0,1.0,1.0,1.0,1.0,1.0,1.0
9,0.42,0.599,0.785,0.883,0.917,0.958,0.972,0.982,0.991,0.99,1.0,1.0,1.0,1.0,1.0,1.0,1.0,1.0,1.0,1.0
10,0.505,0.75,0.87,0.935,0.961,0.976,0.991,0.992,1.0,0.999,0.999,1.0,0.999,1.0,1.0,1.0,1.0,1.0,1.0,1.0
11,0.451,0.682,0.845,0.904,0.945,0.971,0.98,0.994,0.994,0.997,0.999,1.0,0.999,1.0,1.0,1.0,1.0,1.0,1.0,1.0
12,0.457,0.689,0.835,0.913,0.939,0.962,0.982,0.993,0.992,0.999,1.0,0.999,1.0,1.0,1.0,1.0,1.0,1.0,1.0,1.0
13,0.413,0.692,0.837,0.919,0.943,0.979,0.988,0.991,0.994,0.997,1.0,1.0,1.0,1.0,1.0,1.0,1.0,1.0,1.0,1.0
14,0.499,0.751,0.873,0.938,0.968,0.985,0.997,0.997,0.997,1.0,1.0,1.0,1.0,1.0,1.0,1.0,1.0,1.0,1.0,1.0
15,0.387,0.664,0.795,0.883,0.932,0.97,0.97,0.987,0.996,0.998,0.999,0.998,1.0,0.999,1.0,1.0,1.0,1.0,1.0,1.0
16,0.456,0.689,0.827,0.905,0.953,0.972,0.982,0.993,0.995,1.0,0.998,0.999,1.0,1.0,1.0,1.0,1.0,1.0,1.0,1.0
17,0.489,0.748,0.871,0.94,0.978,0.986,0.995,0.998,0.998,1.0,1.0,1.0,1.0,1.0,1.0,1.0,1.0,1.0,1.0,1.0
18,0.386,0.667,0.783,0.888,0.924,0.973,0.976,0.988,0.991,0.996,0.999,0.999,1.0,1.0,1.0,1.0,1.0,1.0,1.0,1.0
19,0.451,0.667,0.812,0.886,0.944,0.962,0.984,0.99,0.997,0.997,1.0,1.0,1.0,1.0,1.0,0.999,1.0,1.0,1.0,1.0
20,0.375,0.581,0.746,0.849,0.884,0.947,0.95,0.978,0.991,0.997,0.996,0.999,0.998,0.999,1.0,1.0,1.0,1.0,1.0,1.0
21,0.459,0.696,0.858,0.928,0.965,0.981,0.99,0.995,0.998,0.999,1.0,1.0,0.999,1.0,1.0,1.0,1.0,1.0,1.0,1.0
22,0.418,0.64,0.788,0.893,0.93,0.945,0.98,0.991,0.995,0.995,0.999,0.999,1.0,1.0,0.999,1.0,1.0,1.0,1.0,1.0
23,0.525,0.785,0.903,0.946,0.979,0.997,0.996,1.0,0.999,0.999,0.999,1.0,1.0,1.0,1.0,1.0,1.0,1.0,1.0,1.0
24,0.455,0.71,0.853,0.926,0.957,0.983,0.99,0.997,0.999,0.998,1.0,1.0,1.0,1.0,1.0,1.0,1.0,1.0,1.0,1.0
25,0.454,0.698,0.799,0.902,0.947,0.975,0.987,0.995,0.998,1.0,0.999,1.0,1.0,1.0,1.0,1.0,1.0,1.0,1.0,1.0
26,0.489,0.745,0.862,0.935,0.97,0.98,0.996,1.0,0.999,0.999,1.0,1.0,0.999,1.0,1.0,1.0,1.0,1.0,1.0,1.0
27,0.552,0.798,0.922,0.972,0.987,0.994,0.997,0.998,0.999,1.0,1.0,1.0,1.0,1.0,1.0,1.0,1.0,1.0,1.0,1.0
28,0.417,0.638,0.779,0.886,0.934,0.963,0.984,0.987,0.995,0.992,0.999,0.999,0.999,1.0,1.0,1.0,1.0,1.0,1.0,1.0
29,0.47,0.687,0.837,0.923,0.962,0.981,0.989,0.998,0.999,0.998,1.0,1.0,0.999,1.0,1.0,1.0,1.0,1.0,1.0,1.0
average,0.46210000000000007,0.7029333333333334,0.8353666666666665,0.9154666666666669,0.9514333333333334,0.9750333333333335,0.9854666666666663,0.9933,0.9964333333333333,0.9978333333333332,0.9993333333333331,0.9995666666666665,0.9996666666666666,0.9998999999999999,0.9999666666666667,0.9999666666666667,1.0,1.0,1.0,1.0
stdev,0.050546223297642856,0.05724052900628663,0.047490458811859454,0.031102426264525238,0.023240397844142474,0.01365203870927491,0.010727770386770244,0.005433929168373158,0.002908765982376358,0.002436551171060319,0.0009589266029707692,0.0006789105539243634,0.0005466722735905345,0.00030512857662936497,0.00018257418583505553,0.00018257418583505553,0.0,0.0,0.0,0.0

1 image, 80 features
0,0.352,0.637,0.755,0.852,0.914,0.945,0.968,0.983,0.986,0.993,0.998,0.997,0.999,0.998,1.0,0.999,1.0,1.0,1.0,1.0
1,0.418,0.637,0.792,0.859,0.912,0.953,0.973,0.989,0.989,0.99,0.996,1.0,1.0,1.0,1.0,0.999,1.0,1.0,1.0,1.0
2,0.494,0.75,0.89,0.959,0.975,0.989,0.997,0.997,0.996,1.0,1.0,0.999,1.0,1.0,1.0,1.0,1.0,1.0,1.0,1.0
3,0.463,0.731,0.839,0.93,0.957,0.983,0.992,0.996,0.999,1.0,1.0,1.0,1.0,1.0,1.0,1.0,1.0,1.0,1.0,1.0
4,0.516,0.766,0.882,0.936,0.969,0.981,0.996,0.999,0.999,1.0,1.0,1.0,1.0,1.0,1.0,1.0,1.0,1.0,1.0,1.0
5,0.43,0.708,0.831,0.915,0.96,0.974,0.981,0.994,0.999,0.999,0.999,0.999,1.0,1.0,1.0,1.0,1.0,1.0,1.0,1.0
6,0.508,0.736,0.876,0.938,0.966,0.989,0.989,0.998,1.0,1.0,1.0,1.0,1.0,1.0,1.0,1.0,1.0,1.0,1.0,1.0
7,0.452,0.683,0.826,0.908,0.957,0.976,0.985,0.994,0.998,1.0,1.0,0.999,0.999,1.0,1.0,1.0,1.0,1.0,1.0,1.0
8,0.459,0.729,0.842,0.92,0.945,0.983,0.991,0.998,0.995,1.0,0.999,1.0,1.0,1.0,0.999,1.0,1.0,1.0,1.0,1.0
9,0.462,0.693,0.829,0.911,0.952,0.975,0.984,0.989,0.994,0.999,1.0,0.999,1.0,1.0,0.999,1.0,1.0,1.0,1.0,1.0
10,0.462,0.703,0.83,0.927,0.944,0.98,0.989,0.993,0.995,0.999,0.998,0.999,1.0,1.0,1.0,1.0,1.0,1.0,1.0,1.0
11,0.464,0.735,0.851,0.93,0.967,0.99,0.991,0.997,0.999,1.0,1.0,1.0,1.0,1.0,1.0,1.0,1.0,1.0,1.0,1.0
12,0.445,0.664,0.791,0.887,0.96,0.969,0.984,0.991,0.993,0.998,1.0,1.0,1.0,1.0,1.0,1.0,1.0,1.0,1.0,1.0
13,0.402,0.614,0.798,0.876,0.903,0.953,0.968,0.985,0.989,0.995,0.998,0.997,1.0,0.998,1.0,1.0,1.0,1.0,1.0,1.0
14,0.521,0.751,0.897,0.947,0.972,0.991,0.994,1.0,0.999,1.0,1.0,1.0,1.0,1.0,1.0,1.0,1.0,1.0,1.0,1.0
15,0.436,0.702,0.832,0.922,0.963,0.976,0.99,0.996,0.996,0.998,0.998,1.0,1.0,1.0,1.0,1.0,1.0,1.0,1.0,1.0
16,0.442,0.742,0.838,0.91,0.962,0.976,0.988,0.994,1.0,1.0,1.0,1.0,1.0,1.0,1.0,1.0,1.0,1.0,1.0,1.0
17,0.445,0.663,0.838,0.91,0.946,0.982,0.987,0.991,0.996,0.997,0.999,0.999,0.999,1.0,1.0,1.0,1.0,1.0,1.0,1.0
18,0.522,0.771,0.894,0.957,0.972,0.991,0.994,1.0,1.0,1.0,0.998,0.999,1.0,1.0,1.0,1.0,1.0,1.0,1.0,1.0
19,0.51,0.751,0.907,0.945,0.973,0.985,0.996,0.997,0.998,1.0,1.0,1.0,1.0,1.0,1.0,1.0,1.0,1.0,1.0,1.0
20,0.512,0.774,0.877,0.928,0.977,0.986,0.997,0.997,0.997,0.999,0.999,0.999,1.0,1.0,1.0,1.0,1.0,1.0,1.0,1.0
21,0.54,0.797,0.913,0.963,0.98,0.991,0.997,1.0,1.0,1.0,1.0,1.0,1.0,1.0,1.0,1.0,1.0,1.0,1.0,1.0
22,0.52,0.779,0.891,0.943,0.978,0.996,0.995,0.998,0.998,1.0,1.0,1.0,1.0,1.0,1.0,1.0,1.0,1.0,1.0,1.0
23,0.509,0.74,0.865,0.944,0.964,0.992,0.993,0.998,0.999,0.999,1.0,1.0,1.0,1.0,1.0,1.0,1.0,1.0,1.0,1.0
24,0.453,0.737,0.839,0.936,0.96,0.982,0.99,0.998,0.997,0.999,0.999,1.0,1.0,1.0,1.0,1.0,1.0,1.0,1.0,1.0
25,0.443,0.691,0.834,0.904,0.941,0.977,0.993,0.991,0.994,0.998,0.999,1.0,0.998,1.0,1.0,1.0,1.0,1.0,1.0,1.0
26,0.428,0.704,0.835,0.898,0.947,0.977,0.983,0.992,0.998,0.997,0.999,1.0,1.0,1.0,1.0,1.0,1.0,1.0,1.0,1.0
27,0.43,0.662,0.794,0.895,0.946,0.972,0.983,0.994,0.993,0.996,0.997,1.0,0.999,1.0,1.0,1.0,1.0,1.0,1.0,1.0
28,0.493,0.76,0.875,0.959,0.962,0.987,0.994,0.997,1.0,0.997,1.0,1.0,1.0,1.0,1.0,1.0,1.0,1.0,1.0,1.0
29,0.425,0.66,0.833,0.896,0.94,0.976,0.983,0.99,0.994,0.999,1.0,0.998,1.0,1.0,1.0,1.0,1.0,1.0,1.0,1.0
average,0.4652000000000001,0.7156666666666666,0.8464666666666665,0.9201666666666667,0.9554666666666668,0.9792333333333332,0.9881666666666665,0.9945333333333334,0.9963333333333334,0.9983999999999997,0.9991999999999998,0.9994666666666666,0.9998,0.9998666666666668,0.9999333333333333,0.9999333333333333,1.0,1.0,1.0,1.0
stdev,0.04341888989829197,0.047369663894429995,0.03838348543349065,0.028546493634955837,0.019326118352496764,0.01197031769616524,0.007904967156612768,0.0043844028676374115,0.0036135123168972096,0.0023430013172027458,0.0010635010497214484,0.0008603661343041534,0.00048423419811150273,0.0005074162634049254,0.0002537081317024627,0.0002537081317024627,0.0,0.0,0.0,0.0

1 image, 90 features
0,0.354,0.567,0.717,0.816,0.891,0.919,0.944,0.972,0.982,0.989,0.986,0.994,0.995,1.0,0.999,0.997,1.0,1.0,1.0,1.0
1,0.531,0.76,0.906,0.956,0.978,0.989,0.993,0.998,0.998,0.999,1.0,1.0,1.0,1.0,1.0,1.0,1.0,1.0,1.0,1.0
2,0.33,0.542,0.667,0.796,0.865,0.912,0.938,0.959,0.974,0.978,0.985,0.992,1.0,0.997,0.999,1.0,1.0,1.0,1.0,1.0
3,0.444,0.685,0.792,0.888,0.939,0.959,0.973,0.992,0.994,0.996,0.999,0.998,1.0,1.0,1.0,1.0,1.0,1.0,1.0,1.0
4,0.509,0.73,0.853,0.928,0.962,0.98,0.996,0.997,0.998,0.999,0.999,1.0,1.0,1.0,1.0,1.0,1.0,1.0,1.0,1.0
5,0.459,0.713,0.846,0.937,0.969,0.977,0.992,0.995,0.998,0.999,0.999,0.999,1.0,1.0,1.0,1.0,1.0,1.0,1.0,1.0
6,0.45,0.669,0.818,0.899,0.94,0.974,0.987,0.995,0.995,0.996,1.0,0.999,1.0,1.0,1.0,1.0,1.0,1.0,1.0,1.0
7,0.627,0.85,0.937,0.972,0.994,0.998,0.999,0.999,1.0,1.0,1.0,1.0,1.0,1.0,1.0,1.0,1.0,1.0,1.0,1.0
8,0.511,0.747,0.871,0.938,0.965,0.988,0.99,0.999,0.999,1.0,1.0,0.999,1.0,1.0,1.0,1.0,1.0,1.0,1.0,1.0
9,0.494,0.705,0.834,0.901,0.959,0.973,0.989,0.992,0.998,0.999,1.0,1.0,1.0,1.0,1.0,1.0,1.0,1.0,1.0,1.0
10,0.458,0.693,0.885,0.906,0.958,0.977,0.989,0.994,0.996,0.999,0.999,1.0,1.0,0.999,1.0,1.0,1.0,1.0,1.0,1.0
11,0.375,0.591,0.754,0.852,0.904,0.953,0.957,0.963,0.983,0.991,0.995,0.996,0.998,0.999,1.0,1.0,1.0,1.0,1.0,1.0
12,0.449,0.66,0.839,0.906,0.946,0.979,0.988,0.993,0.998,0.996,1.0,1.0,0.999,1.0,1.0,1.0,1.0,1.0,1.0,1.0
13,0.424,0.686,0.816,0.899,0.951,0.966,0.988,0.992,0.997,0.999,0.999,0.999,1.0,1.0,1.0,1.0,1.0,1.0,1.0,1.0
14,0.448,0.699,0.857,0.924,0.943,0.979,0.99,0.994,0.997,0.997,0.999,1.0,1.0,1.0,1.0,1.0,1.0,1.0,1.0,1.0
15,0.464,0.714,0.852,0.907,0.962,0.979,0.992,0.996,0.999,0.997,0.999,0.999,1.0,1.0,1.0,1.0,1.0,1.0,1.0,1.0
16,0.342,0.586,0.745,0.836,0.898,0.941,0.955,0.974,0.979,0.99,0.997,0.992,0.996,0.997,0.999,0.999,1.0,1.0,1.0,1.0
17,0.394,0.65,0.817,0.888,0.942,0.97,0.981,0.989,0.992,0.999,0.999,0.998,1.0,1.0,1.0,1.0,1.0,1.0,1.0,1.0
18,0.425,0.648,0.773,0.882,0.94,0.962,0.979,0.986,0.992,0.994,0.999,0.998,0.999,0.999,1.0,1.0,1.0,1.0,1.0,1.0
19,0.52,0.772,0.897,0.945,0.983,0.987,0.992,0.998,0.998,1.0,1.0,1.0,1.0,1.0,1.0,1.0,1.0,1.0,1.0,1.0
20,0.416,0.659,0.813,0.862,0.932,0.972,0.979,0.989,0.99,0.999,0.996,0.999,1.0,0.999,1.0,1.0,1.0,1.0,1.0,1.0
21,0.465,0.768,0.856,0.924,0.96,0.984,0.992,0.993,0.996,1.0,1.0,1.0,1.0,1.0,1.0,1.0,1.0,1.0,1.0,1.0
22,0.522,0.737,0.88,0.935,0.966,0.987,0.996,0.99,0.999,1.0,1.0,1.0,1.0,1.0,1.0,1.0,1.0,1.0,1.0,1.0
23,0.454,0.756,0.859,0.921,0.966,0.987,0.991,0.995,0.999,1.0,1.0,1.0,1.0,1.0,1.0,1.0,1.0,1.0,1.0,1.0
24,0.459,0.702,0.841,0.916,0.953,0.983,0.983,0.996,0.999,1.0,0.999,1.0,1.0,1.0,1.0,1.0,1.0,1.0,1.0,1.0
25,0.45,0.697,0.796,0.887,0.944,0.965,0.98,0.99,0.991,0.998,0.998,0.999,1.0,1.0,1.0,1.0,1.0,1.0,1.0,1.0
26,0.422,0.639,0.819,0.89,0.932,0.962,0.982,0.99,0.999,0.994,1.0,0.998,1.0,0.999,1.0,0.999,1.0,1.0,1.0,1.0
27,0.452,0.736,0.856,0.933,0.955,0.979,0.985,0.999,0.998,0.998,1.0,1.0,1.0,1.0,1.0,1.0,1.0,1.0,1.0,1.0
28,0.492,0.72,0.872,0.924,0.966,0.989,0.984,0.996,1.0,1.0,1.0,1.0,1.0,1.0,1.0,1.0,1.0,1.0,1.0,1.0
29,0.47,0.746,0.843,0.915,0.959,0.979,0.99,0.994,0.997,0.997,1.0,1.0,1.0,1.0,0.999,1.0,1.0,1.0,1.0,1.0
average,0.4536666666666667,0.6942333333333333,0.8303666666666667,0.9027666666666666,0.9474,0.9716333333333331,0.9824666666666667,0.9902999999999997,0.9944999999999999,0.9967666666666666,0.9982333333333333,0.9986333333333335,0.9995666666666666,0.9996333333333333,0.9998666666666666,0.9998333333333332,1.0,1.0,1.0,1.0
stdev,0.06070353811953538,0.06641233959570098,0.05704353046416475,0.039565470258567756,0.02771107086122551,0.019474976576203576,0.014989038140181526,0.010113664365429174,0.006657896530203562,0.004680725948215606,0.003673608893016593,0.0022511810437976843,0.0011943352886058412,0.0008087168778415276,0.0003457459036417607,0.0005920934999167605,0.0,0.0,0.0,0.0

1 image, 100 features
0,0.439,0.683,0.811,0.89,0.95,0.972,0.983,0.993,0.995,0.998,1.0,0.999,1.0,1.0,0.999,1.0,1.0,1.0,1.0,1.0
1,0.411,0.68,0.809,0.892,0.944,0.965,0.982,0.989,0.993,0.997,0.998,0.999,0.999,1.0,1.0,1.0,1.0,1.0,1.0,1.0
2,0.346,0.606,0.72,0.836,0.87,0.934,0.958,0.973,0.976,0.991,0.996,0.996,0.998,0.998,1.0,1.0,0.999,1.0,1.0,1.0
3,0.502,0.771,0.885,0.949,0.972,0.989,0.995,0.998,0.999,0.999,1.0,1.0,1.0,1.0,1.0,1.0,1.0,1.0,1.0,1.0
4,0.445,0.703,0.821,0.911,0.954,0.973,0.986,0.991,0.998,0.998,1.0,1.0,1.0,1.0,0.999,1.0,1.0,1.0,1.0,1.0
5,0.459,0.671,0.839,0.914,0.952,0.976,0.986,0.994,0.996,0.999,0.999,0.998,1.0,1.0,1.0,1.0,1.0,1.0,1.0,1.0
6,0.452,0.705,0.821,0.916,0.952,0.973,0.984,0.988,0.993,0.996,0.999,0.999,0.999,1.0,1.0,1.0,1.0,1.0,1.0,1.0
7,0.386,0.628,0.77,0.864,0.923,0.945,0.961,0.985,0.988,0.994,0.999,0.995,1.0,1.0,0.999,1.0,1.0,1.0,1.0,1.0
8,0.555,0.814,0.933,0.964,0.988,0.999,0.999,0.998,1.0,1.0,1.0,1.0,1.0,1.0,1.0,1.0,1.0,1.0,1.0,1.0
9,0.409,0.596,0.774,0.869,0.905,0.944,0.967,0.981,0.983,0.988,0.996,1.0,1.0,1.0,1.0,1.0,0.999,1.0,1.0,1.0
10,0.46,0.703,0.83,0.908,0.95,0.963,0.988,0.996,0.997,0.996,0.999,1.0,1.0,1.0,1.0,1.0,1.0,1.0,1.0,1.0
11,0.411,0.677,0.808,0.913,0.934,0.966,0.989,0.994,0.989,0.995,0.998,1.0,0.999,1.0,1.0,1.0,1.0,1.0,1.0,1.0
12,0.479,0.724,0.864,0.919,0.966,0.987,0.991,0.993,0.997,1.0,1.0,1.0,1.0,1.0,1.0,1.0,1.0,1.0,1.0,1.0
13,0.486,0.718,0.861,0.922,0.959,0.978,0.987,0.992,0.998,1.0,1.0,1.0,1.0,1.0,1.0,1.0,1.0,1.0,1.0,1.0
14,0.517,0.775,0.877,0.948,0.975,0.985,0.993,0.995,1.0,1.0,1.0,1.0,1.0,1.0,1.0,1.0,1.0,1.0,1.0,1.0
15,0.52,0.772,0.891,0.952,0.974,0.987,0.993,0.994,0.996,1.0,1.0,1.0,1.0,1.0,1.0,1.0,1.0,1.0,1.0,1.0
16,0.488,0.719,0.856,0.93,0.966,0.976,0.992,0.994,0.998,1.0,1.0,1.0,1.0,1.0,1.0,1.0,1.0,1.0,1.0,1.0
17,0.426,0.703,0.836,0.935,0.943,0.971,0.982,0.997,0.997,0.997,1.0,1.0,1.0,1.0,1.0,1.0,1.0,1.0,1.0,1.0
18,0.54,0.78,0.893,0.961,0.982,0.995,0.994,1.0,1.0,1.0,1.0,1.0,1.0,1.0,1.0,1.0,1.0,1.0,1.0,1.0
19,0.561,0.83,0.923,0.967,0.989,0.993,0.999,1.0,1.0,0.999,1.0,1.0,1.0,1.0,1.0,1.0,1.0,1.0,1.0,1.0
20,0.365,0.576,0.717,0.839,0.88,0.928,0.952,0.979,0.982,0.988,0.989,0.996,0.999,0.998,1.0,1.0,0.999,1.0,1.0,1.0
21,0.538,0.774,0.9,0.952,0.975,0.991,0.994,0.997,1.0,1.0,0.999,1.0,1.0,1.0,1.0,1.0,1.0,1.0,1.0,1.0
22,0.514,0.762,0.884,0.937,0.967,0.988,0.992,0.998,0.996,1.0,1.0,1.0,1.0,1.0,1.0,1.0,1.0,1.0,1.0,1.0
23,0.502,0.731,0.844,0.905,0.96,0.983,0.99,0.994,0.996,0.999,0.999,1.0,1.0,1.0,1.0,1.0,1.0,1.0,1.0,1.0
24,0.472,0.728,0.86,0.923,0.963,0.986,0.991,0.996,0.999,1.0,1.0,1.0,1.0,1.0,1.0,1.0,1.0,1.0,1.0,1.0
25,0.349,0.635,0.749,0.845,0.897,0.949,0.962,0.988,0.981,0.992,0.995,0.998,0.999,0.998,0.999,0.998,1.0,1.0,1.0,1.0
26,0.465,0.731,0.835,0.921,0.951,0.979,0.991,0.998,1.0,0.999,1.0,1.0,1.0,1.0,1.0,1.0,1.0,1.0,1.0,1.0
27,0.42,0.679,0.794,0.898,0.928,0.962,0.972,0.989,0.995,1.0,0.998,0.999,0.999,1.0,1.0,1.0,1.0,1.0,1.0,1.0
28,0.436,0.692,0.818,0.922,0.948,0.971,0.984,0.992,0.994,0.999,0.998,0.999,1.0,1.0,1.0,1.0,1.0,1.0,1.0,1.0
29,0.448,0.691,0.839,0.914,0.945,0.976,0.983,0.988,0.993,0.997,1.0,1.0,1.0,1.0,0.999,1.0,1.0,1.0,1.0,1.0
average,0.4600333333333333,0.7085666666666668,0.8354,0.9138666666666666,0.9487333333333333,0.9728,0.984,0.9921333333333334,0.9942999999999999,0.9973666666666665,0.9987333333333335,0.9992666666666666,0.9997333333333331,0.9998000000000001,0.9998333333333332,0.9999333333333333,0.9999,1.0,1.0,1.0
stdev,0.05825655702821452,0.06169037444245719,0.05391218914059264,0.03559226313965296,0.029445371199179515,0.01795281170947498,0.012398553864505116,0.006301249648001328,0.006374247758187525,0.003518261064722209,0.0022884015402012407,0.001362890774922121,0.0005208304597621883,0.0006102571532587299,0.00037904902178945203,0.00036514837167011106,0.00030512857662936497,0.0,0.0,0.0

1 image, 110 features
0,0.405,0.631,0.787,0.856,0.922,0.953,0.972,0.987,0.993,0.997,0.997,0.999,1.0,1.0,0.999,0.999,1.0,1.0,1.0,1.0
1,0.439,0.671,0.787,0.891,0.924,0.962,0.975,0.989,0.993,0.993,0.997,1.0,1.0,0.999,1.0,1.0,1.0,1.0,1.0,1.0
2,0.425,0.672,0.812,0.878,0.935,0.962,0.98,0.988,0.992,0.999,0.997,0.998,1.0,0.999,1.0,1.0,1.0,1.0,1.0,1.0
3,0.563,0.784,0.907,0.973,0.985,0.992,0.997,0.997,0.999,1.0,1.0,1.0,1.0,1.0,1.0,1.0,1.0,1.0,1.0,1.0
4,0.424,0.664,0.834,0.907,0.948,0.967,0.986,0.992,0.995,0.999,0.998,0.999,1.0,1.0,1.0,1.0,1.0,1.0,1.0,1.0
5,0.475,0.728,0.849,0.927,0.972,0.983,0.991,0.996,0.998,0.998,0.999,1.0,0.999,1.0,1.0,1.0,1.0,1.0,1.0,1.0
6,0.409,0.604,0.773,0.828,0.908,0.925,0.955,0.972,0.984,0.987,0.996,0.995,0.995,1.0,1.0,0.999,1.0,1.0,1.0,1.0
7,0.447,0.719,0.838,0.904,0.96,0.972,0.987,0.995,1.0,0.995,1.0,0.999,1.0,1.0,0.999,1.0,1.0,1.0,1.0,1.0
8,0.469,0.673,0.833,0.906,0.942,0.966,0.98,0.991,0.993,1.0,0.998,1.0,1.0,0.999,1.0,1.0,1.0,1.0,1.0,1.0
9,0.497,0.742,0.844,0.928,0.958,0.987,0.987,0.998,0.999,0.999,1.0,1.0,0.999,1.0,1.0,1.0,1.0,1.0,1.0,1.0
10,0.418,0.666,0.823,0.912,0.941,0.963,0.985,0.995,0.998,0.995,0.998,1.0,1.0,1.0,1.0,1.0,1.0,1.0,1.0,1.0
11,0.593,0.791,0.91,0.968,0.986,0.981,0.997,1.0,1.0,0.999,1.0,1.0,1.0,1.0,1.0,1.0,1.0,1.0,1.0,1.0
12,0.546,0.771,0.907,0.963,0.982,0.989,0.996,1.0,0.998,1.0,1.0,1.0,1.0,1.0,1.0,1.0,1.0,1.0,1.0,1.0
13,0.534,0.779,0.896,0.946,0.977,0.982,0.998,1.0,0.998,1.0,1.0,1.0,1.0,1.0,1.0,1.0,1.0,1.0,1.0,1.0
14,0.473,0.685,0.843,0.917,0.944,0.979,0.991,0.995,0.998,0.998,0.997,0.999,1.0,1.0,1.0,1.0,1.0,1.0,1.0,1.0
15,0.525,0.77,0.883,0.956,0.973,0.994,0.996,0.999,1.0,1.0,1.0,1.0,1.0,1.0,1.0,1.0,1.0,1.0,1.0,1.0
16,0.521,0.731,0.882,0.956,0.971,0.989,0.991,0.996,0.997,0.999,0.999,1.0,1.0,1.0,1.0,1.0,1.0,1.0,1.0,1.0
17,0.416,0.651,0.807,0.884,0.944,0.953,0.981,0.987,0.998,0.998,0.998,1.0,1.0,1.0,1.0,1.0,1.0,1.0,1.0,1.0
18,0.516,0.791,0.884,0.941,0.972,0.988,0.997,0.999,1.0,1.0,1.0,1.0,1.0,1.0,1.0,1.0,1.0,1.0,1.0,1.0
19,0.503,0.748,0.889,0.946,0.981,0.989,0.993,0.996,0.996,1.0,1.0,1.0,1.0,1.0,1.0,1.0,1.0,1.0,1.0,1.0
20,0.477,0.725,0.854,0.928,0.956,0.974,0.991,0.997,0.999,0.999,1.0,1.0,1.0,1.0,1.0,1.0,1.0,1.0,1.0,1.0
21,0.476,0.758,0.872,0.947,0.965,0.987,0.993,0.997,0.997,1.0,1.0,1.0,1.0,1.0,1.0,1.0,1.0,1.0,1.0,1.0
22,0.432,0.674,0.82,0.905,0.939,0.957,0.974,0.989,0.993,0.995,1.0,1.0,0.998,1.0,1.0,1.0,1.0,1.0,1.0,1.0
23,0.438,0.669,0.799,0.881,0.935,0.963,0.977,0.985,0.992,0.995,0.998,1.0,0.999,1.0,1.0,1.0,1.0,1.0,1.0,1.0
24,0.518,0.769,0.895,0.932,0.983,0.982,0.993,0.993,0.998,1.0,1.0,1.0,1.0,1.0,1.0,1.0,1.0,1.0,1.0,1.0
25,0.467,0.708,0.85,0.919,0.957,0.979,0.992,0.992,0.996,0.999,0.998,1.0,0.999,1.0,1.0,1.0,1.0,1.0,1.0,1.0
26,0.399,0.651,0.813,0.884,0.932,0.954,0.971,0.991,0.993,0.996,0.997,1.0,1.0,1.0,1.0,1.0,1.0,1.0,1.0,1.0
27,0.488,0.737,0.849,0.942,0.955,0.984,0.993,0.995,0.998,1.0,0.999,1.0,1.0,0.999,1.0,1.0,1.0,1.0,1.0,1.0
28,0.366,0.596,0.71,0.815,0.886,0.922,0.941,0.965,0.983,0.991,0.99,0.997,0.996,1.0,0.999,0.998,1.0,1.0,1.0,0.999
29,0.501,0.753,0.859,0.943,0.974,0.983,0.992,0.999,0.997,1.0,0.999,0.999,0.999,1.0,1.0,1.0,1.0,1.0,1.0,1.0
average,0.4720000000000001,0.7103666666666666,0.8436333333333332,0.9161000000000001,0.9535666666666667,0.9720333333333332,0.9850666666666665,0.9924999999999997,0.9958333333333332,0.9976999999999999,0.9984999999999999,0.9994999999999998,0.9994666666666666,0.9998666666666666,0.9999,0.9998666666666668,1.0,1.0,1.0,0.9999666666666667
stdev,0.05392523559969635,0.05632570512182927,0.04606179008405043,0.0390299177908258,0.024488819874599388,0.018221781837496936,0.013001149374477303,0.00785976221453077,0.004218868399785975,0.0031310458757198185,0.0020468647176630408,0.001106407669457549,0.0011957780134587135,0.0003457459036417607,0.00030512857662936497,0.0004341724854553051,0.0,0.0,0.0,0.00018257418583505553

1 image, 120 features
0,0.492,0.73,0.868,0.923,0.971,0.985,0.992,0.994,0.997,0.999,0.999,1.0,1.0,1.0,1.0,1.0,1.0,1.0,1.0,1.0
1,0.473,0.716,0.87,0.933,0.975,0.978,0.989,0.996,0.998,0.999,1.0,1.0,0.999,1.0,1.0,1.0,1.0,1.0,1.0,1.0
2,0.52,0.759,0.877,0.94,0.967,0.983,0.992,0.995,0.997,1.0,0.999,1.0,1.0,1.0,1.0,1.0,1.0,1.0,1.0,1.0
3,0.446,0.719,0.83,0.915,0.964,0.966,0.984,0.995,0.994,0.998,1.0,1.0,1.0,1.0,1.0,1.0,1.0,1.0,1.0,1.0
4,0.419,0.662,0.82,0.893,0.947,0.952,0.975,0.996,0.992,0.994,0.997,0.997,0.998,0.999,1.0,1.0,1.0,1.0,1.0,1.0
5,0.505,0.723,0.883,0.929,0.97,0.984,0.996,0.998,0.998,1.0,1.0,1.0,1.0,1.0,1.0,1.0,1.0,1.0,1.0,1.0
6,0.522,0.738,0.868,0.942,0.97,0.99,0.994,0.998,0.997,0.999,1.0,1.0,1.0,1.0,1.0,1.0,1.0,1.0,1.0,1.0
7,0.445,0.668,0.812,0.893,0.941,0.968,0.977,0.991,0.994,0.997,0.999,0.998,0.999,1.0,1.0,1.0,1.0,1.0,1.0,1.0
8,0.431,0.663,0.84,0.889,0.929,0.966,0.991,0.987,0.994,0.998,0.998,1.0,1.0,0.998,1.0,1.0,1.0,1.0,1.0,1.0
9,0.462,0.732,0.846,0.916,0.947,0.975,0.986,0.997,0.996,0.999,1.0,0.999,1.0,1.0,1.0,1.0,1.0,1.0,1.0,1.0
10,0.528,0.792,0.879,0.947,0.974,0.988,0.995,0.998,0.998,1.0,0.999,1.0,1.0,1.0,1.0,1.0,1.0,1.0,1.0,1.0
11,0.485,0.738,0.857,0.927,0.959,0.979,0.986,0.995,0.995,0.998,0.999,1.0,1.0,1.0,1.0,1.0,1.0,1.0,1.0,1.0
12,0.518,0.749,0.876,0.944,0.975,0.977,0.99,0.991,1.0,1.0,1.0,1.0,1.0,1.0,1.0,1.0,1.0,1.0,1.0,1.0
13,0.454,0.722,0.841,0.919,0.96,0.977,0.988,0.993,0.997,1.0,1.0,0.998,0.999,0.999,1.0,1.0,1.0,1.0,1.0,1.0
14,0.393,0.621,0.78,0.826,0.929,0.95,0.976,0.988,0.987,0.99,0.995,0.998,0.995,1.0,1.0,1.0,1.0,1.0,1.0,1.0
15,0.481,0.713,0.842,0.914,0.959,0.983,0.991,0.999,0.998,0.999,1.0,1.0,1.0,1.0,1.0,1.0,1.0,1.0,1.0,1.0
16,0.442,0.666,0.81,0.894,0.948,0.971,0.976,0.996,0.997,0.999,0.997,1.0,1.0,1.0,1.0,1.0,1.0,1.0,1.0,1.0
17,0.463,0.717,0.856,0.914,0.954,0.987,0.989,0.989,0.999,0.998,1.0,0.999,1.0,1.0,1.0,1.0,1.0,1.0,1.0,1.0
18,0.495,0.74,0.873,0.94,0.966,0.976,0.994,0.995,0.998,0.999,1.0,1.0,1.0,1.0,1.0,1.0,1.0,1.0,1.0,1.0
19,0.438,0.665,0.85,0.908,0.954,0.97,0.983,0.996,0.995,0.995,1.0,1.0,1.0,1.0,1.0,1.0,1.0,1.0,1.0,1.0
20,0.407,0.67,0.83,0.894,0.935,0.96,0.977,0.993,0.995,0.997,1.0,0.998,1.0,1.0,1.0,1.0,1.0,1.0,1.0,1.0
21,0.507,0.778,0.903,0.958,0.982,0.99,0.996,0.999,1.0,1.0,1.0,1.0,1.0,1.0,1.0,1.0,1.0,1.0,1.0,1.0
22,0.502,0.724,0.843,0.925,0.971,0.983,0.993,0.997,0.996,1.0,1.0,0.999,1.0,1.0,1.0,1.0,1.0,1.0,1.0,1.0
23,0.332,0.582,0.752,0.817,0.876,0.925,0.961,0.969,0.978,0.984,0.992,0.994,0.994,0.994,0.998,0.999,1.0,1.0,1.0,1.0
24,0.391,0.648,0.783,0.875,0.928,0.96,0.981,0.989,0.993,0.995,1.0,0.998,1.0,1.0,1.0,1.0,0.999,1.0,1.0,1.0
25,0.507,0.741,0.877,0.943,0.98,0.982,0.992,0.997,0.999,1.0,1.0,1.0,1.0,1.0,1.0,1.0,1.0,1.0,1.0,1.0
26,0.446,0.662,0.787,0.898,0.948,0.968,0.981,0.984,0.989,0.995,0.994,0.999,0.999,0.999,1.0,1.0,1.0,1.0,1.0,0.999
27,0.462,0.707,0.82,0.914,0.956,0.978,0.99,0.994,0.998,1.0,1.0,1.0,1.0,0.999,1.0,1.0,1.0,1.0,1.0,1.0
28,0.511,0.754,0.885,0.945,0.964,0.982,0.994,0.994,0.997,1.0,1.0,0.999,1.0,1.0,1.0,1.0,1.0,1.0,1.0,1.0
29,0.439,0.691,0.815,0.897,0.947,0.967,0.983,0.99,0.995,0.998,0.998,1.0,1.0,1.0,1.0,1.0,1.0,1.0,1.0,1.0
average,0.46386666666666654,0.7063333333333334,0.8424333333333334,0.9124000000000001,0.9548666666666665,0.9733333333333332,0.9863999999999999,0.9930999999999999,0.9953666666666667,0.9976666666666668,0.9988666666666667,0.9992,0.9994333333333333,0.9995999999999999,0.9999333333333333,0.9999666666666667,0.9999666666666667,1.0,1.0,0.9999666666666667
stdev,0.046297190898125465,0.04714638490059871,0.03628591760024753,0.03234256296755631,0.021311698800122104,0.013973702723905784,0.008113845127842951,0.0059210320628801895,0.004405978174952863,0.003467418132522691,0.0020126039631889045,0.0013235271579877148,0.0014307782626184998,0.0011626367179523606,0.00036514837167011106,0.00018257418583505553,0.00018257418583505553,0.0,0.0,0.00018257418583505553

1 image, 130 features
0,0.449,0.674,0.811,0.901,0.93,0.966,0.982,0.99,0.993,0.995,1.0,0.999,0.999,1.0,1.0,1.0,1.0,0.999,1.0,1.0
1,0.54,0.788,0.916,0.954,0.983,0.991,0.996,0.997,0.999,1.0,0.999,1.0,1.0,1.0,1.0,1.0,1.0,1.0,1.0,1.0
2,0.419,0.644,0.774,0.885,0.931,0.962,0.969,0.99,0.992,0.999,0.998,1.0,0.999,0.998,1.0,1.0,1.0,1.0,1.0,1.0
3,0.414,0.698,0.826,0.903,0.926,0.974,0.983,0.988,0.995,0.999,0.998,0.999,0.999,0.999,1.0,1.0,1.0,1.0,1.0,1.0
4,0.482,0.732,0.854,0.939,0.961,0.973,0.992,0.996,0.999,1.0,0.999,1.0,1.0,1.0,1.0,1.0,1.0,1.0,1.0,1.0
5,0.45,0.72,0.847,0.926,0.945,0.972,0.99,0.996,0.998,0.997,0.999,0.999,1.0,1.0,1.0,1.0,1.0,1.0,1.0,1.0
6,0.458,0.707,0.826,0.891,0.959,0.967,0.988,0.994,0.996,0.998,0.999,1.0,0.999,1.0,1.0,1.0,0.999,1.0,1.0,1.0
7,0.471,0.696,0.796,0.897,0.964,0.978,0.986,0.99,0.996,0.997,0.997,0.999,1.0,1.0,0.999,1.0,1.0,1.0,1.0,1.0
8,0.455,0.677,0.815,0.891,0.941,0.966,0.986,0.993,0.996,0.996,0.999,1.0,0.999,0.999,1.0,1.0,1.0,1.0,1.0,1.0
9,0.433,0.668,0.806,0.892,0.949,0.966,0.979,0.99,0.996,1.0,0.998,1.0,1.0,0.999,1.0,1.0,1.0,1.0,1.0,1.0
10,0.405,0.658,0.818,0.883,0.95,0.965,0.978,0.994,0.992,0.995,0.997,1.0,0.999,0.999,1.0,0.999,1.0,1.0,1.0,1.0
11,0.379,0.635,0.781,0.867,0.916,0.951,0.959,0.976,0.989,0.997,0.999,0.999,1.0,1.0,1.0,0.999,1.0,1.0,1.0,1.0
12,0.4,0.638,0.796,0.87,0.908,0.943,0.978,0.979,0.989,0.993,0.996,0.997,1.0,1.0,1.0,1.0,1.0,1.0,1.0,1.0
13,0.431,0.648,0.804,0.895,0.922,0.97,0.982,0.983,0.997,0.995,1.0,1.0,1.0,1.0,1.0,1.0,1.0,1.0,1.0,1.0
14,0.498,0.707,0.866,0.91,0.942,0.978,0.993,0.997,0.997,1.0,1.0,1.0,1.0,1.0,1.0,1.0,1.0,1.0,1.0,1.0
15,0.529,0.794,0.894,0.957,0.976,0.991,0.996,0.997,1.0,1.0,1.0,1.0,1.0,1.0,1.0,1.0,1.0,1.0,1.0,1.0
16,0.477,0.712,0.838,0.923,0.956,0.975,0.989,1.0,0.996,1.0,1.0,1.0,1.0,1.0,1.0,1.0,1.0,1.0,1.0,1.0
17,0.55,0.783,0.891,0.945,0.987,0.997,0.995,1.0,1.0,1.0,1.0,1.0,1.0,1.0,1.0,1.0,1.0,1.0,1.0,1.0
18,0.647,0.881,0.956,0.986,0.995,0.998,1.0,1.0,1.0,1.0,1.0,1.0,1.0,1.0,1.0,1.0,1.0,1.0,1.0,1.0
19,0.458,0.714,0.841,0.911,0.964,0.977,0.988,0.997,0.996,1.0,0.999,0.999,1.0,1.0,1.0,1.0,1.0,1.0,1.0,1.0
20,0.387,0.596,0.737,0.848,0.912,0.935,0.956,0.972,0.982,0.994,0.996,0.997,0.996,0.998,1.0,0.999,1.0,0.999,1.0,1.0
21,0.486,0.752,0.892,0.947,0.97,0.977,0.992,0.997,0.998,0.999,1.0,1.0,1.0,1.0,1.0,1.0,1.0,1.0,1.0,1.0
22,0.456,0.681,0.81,0.899,0.939,0.972,0.987,0.992,0.996,0.999,1.0,1.0,1.0,1.0,1.0,1.0,1.0,1.0,1.0,1.0
23,0.42,0.653,0.805,0.869,0.929,0.968,0.986,0.98,0.992,0.995,0.997,0.998,1.0,1.0,1.0,1.0,1.0,1.0,1.0,1.0
24,0.439,0.734,0.85,0.915,0.966,0.981,0.992,0.997,0.998,0.999,1.0,1.0,1.0,1.0,1.0,1.0,1.0,1.0,1.0,1.0
25,0.468,0.704,0.848,0.91,0.957,0.978,0.982,0.994,0.996,0.999,1.0,1.0,1.0,1.0,1.0,1.0,1.0,1.0,1.0,1.0
26,0.446,0.687,0.772,0.903,0.934,0.958,0.982,0.988,0.992,0.997,0.998,0.998,1.0,1.0,1.0,1.0,0.999,1.0,1.0,1.0
27,0.436,0.698,0.826,0.911,0.946,0.963,0.991,0.991,0.996,0.997,0.999,0.999,0.999,1.0,1.0,1.0,1.0,1.0,1.0,1.0
28,0.413,0.654,0.796,0.896,0.949,0.973,0.981,0.99,0.995,0.998,0.999,1.0,0.997,1.0,1.0,1.0,1.0,1.0,1.0,1.0
29,0.392,0.654,0.784,0.87,0.934,0.947,0.978,0.986,0.993,0.997,0.996,0.999,1.0,1.0,1.0,1.0,1.0,1.0,1.0,1.0
average,0.45626666666666676,0.6995666666666669,0.8291999999999998,0.9064666666666668,0.9480333333333334,0.9704,0.9845333333333334,0.9911333333333334,0.9951333333333333,0.9978333333333331,0.9987333333333333,0.9993999999999998,0.9995333333333333,0.9997333333333334,0.9999666666666667,0.9999,0.9999333333333332,0.9999333333333333,1.0,1.0
stdev,0.05592108561260193,0.058035472703804374,0.04704099459422379,0.030680481645876875,0.02206961295745698,0.014449913494550758,0.00997491105598004,0.007200255423311011,0.003875060251663581,0.002102270256148116,0.0013373502709187446,0.0008944271909999167,0.0009371024061116433,0.0005832922809856752,0.00018257418583505553,0.00030512857662936497,0.0002537081317024627,0.0002537081317024627,0.0,0.0

1 image, 140 features
0,0.465,0.669,0.809,0.91,0.95,0.977,0.982,0.993,0.99,0.996,0.999,0.998,1.0,0.999,1.0,1.0,1.0,1.0,1.0,1.0
1,0.522,0.751,0.891,0.951,0.961,0.982,0.994,0.996,0.999,0.997,1.0,1.0,1.0,1.0,1.0,1.0,1.0,1.0,1.0,1.0
2,0.439,0.67,0.789,0.887,0.944,0.971,0.976,0.991,0.996,0.998,0.999,0.999,0.999,1.0,1.0,1.0,1.0,1.0,1.0,1.0
3,0.49,0.732,0.867,0.934,0.959,0.983,0.989,0.991,0.997,1.0,1.0,1.0,1.0,1.0,1.0,1.0,1.0,1.0,1.0,1.0
4,0.411,0.622,0.789,0.882,0.924,0.954,0.967,0.987,0.993,0.995,0.999,0.998,0.997,0.999,0.998,1.0,1.0,1.0,1.0,1.0
5,0.448,0.687,0.781,0.9,0.934,0.965,0.988,0.991,0.996,1.0,1.0,0.998,1.0,1.0,1.0,1.0,1.0,1.0,1.0,1.0
6,0.474,0.722,0.851,0.917,0.958,0.981,0.988,0.996,1.0,0.998,1.0,1.0,1.0,1.0,1.0,1.0,1.0,1.0,1.0,1.0
7,0.498,0.745,0.862,0.921,0.968,0.985,0.987,0.993,0.997,0.999,0.999,1.0,1.0,1.0,1.0,1.0,1.0,1.0,1.0,1.0
8,0.443,0.723,0.829,0.927,0.963,0.976,0.984,0.994,0.997,0.999,1.0,1.0,1.0,1.0,1.0,1.0,1.0,1.0,1.0,1.0
9,0.455,0.683,0.838,0.914,0.948,0.96,0.979,0.989,0.996,1.0,0.996,0.997,1.0,1.0,1.0,1.0,1.0,1.0,1.0,1.0
10,0.443,0.667,0.817,0.888,0.93,0.965,0.977,0.99,0.996,0.997,0.996,1.0,1.0,1.0,1.0,1.0,1.0,1.0,1.0,0.999
11,0.46,0.72,0.842,0.935,0.955,0.982,0.988,0.992,0.999,0.998,0.998,1.0,1.0,1.0,0.999,0.999,1.0,1.0,1.0,1.0
12,0.503,0.716,0.859,0.932,0.967,0.983,0.991,0.991,0.997,0.999,0.997,1.0,1.0,1.0,1.0,1.0,1.0,1.0,1.0,1.0
13,0.529,0.754,0.872,0.932,0.966,0.978,0.996,0.997,1.0,1.0,1.0,1.0,1.0,1.0,1.0,1.0,1.0,1.0,1.0,1.0
14,0.518,0.772,0.89,0.964,0.968,0.992,0.99,0.998,0.998,1.0,1.0,1.0,1.0,1.0,1.0,1.0,1.0,1.0,1.0,1.0
15,0.519,0.779,0.901,0.956,0.971,0.989,0.995,0.999,0.999,0.999,1.0,1.0,1.0,1.0,1.0,1.0,1.0,1.0,1.0,1.0
16,0.532,0.792,0.912,0.951,0.976,0.986,0.995,0.998,1.0,1.0,1.0,1.0,1.0,1.0,1.0,1.0,1.0,1.0,1.0,1.0
17,0.533,0.775,0.897,0.951,0.97,0.986,0.99,0.999,0.998,1.0,1.0,1.0,1.0,1.0,1.0,1.0,1.0,1.0,1.0,1.0
18,0.506,0.756,0.882,0.937,0.969,0.99,0.99,0.994,0.998,0.999,1.0,1.0,1.0,1.0,1.0,1.0,1.0,1.0,1.0,1.0
19,0.474,0.722,0.839,0.917,0.946,0.976,0.99,0.989,0.995,0.998,0.999,0.998,0.999,1.0,1.0,1.0,1.0,1.0,1.0,1.0
20,0.41,0.677,0.793,0.876,0.93,0.959,0.977,0.985,0.991,0.996,1.0,0.997,1.0,1.0,1.0,1.0,0.999,1.0,1.0,1.0
21,0.506,0.765,0.878,0.939,0.971,0.991,0.993,0.997,1.0,1.0,1.0,1.0,1.0,1.0,1.0,1.0,1.0,1.0,1.0,1.0
22,0.492,0.739,0.862,0.931,0.967,0.985,0.995,0.998,0.997,0.999,1.0,1.0,1.0,1.0,1.0,1.0,1.0,1.0,1.0,1.0
23,0.468,0.748,0.862,0.922,0.956,0.984,0.994,0.995,0.999,0.999,1.0,1.0,1.0,0.999,1.0,1.0,1.0,1.0,1.0,1.0
24,0.43,0.709,0.823,0.929,0.956,0.977,0.987,0.99,0.997,0.998,0.999,0.999,1.0,1.0,1.0,1.0,1.0,1.0,1.0,1.0
25,0.52,0.759,0.904,0.946,0.977,0.987,0.994,0.997,1.0,1.0,0.999,1.0,1.0,1.0,1.0,1.0,1.0,1.0,1.0,1.0
26,0.405,0.662,0.803,0.89,0.934,0.965,0.97,0.986,0.991,0.994,0.996,1.0,1.0,1.0,1.0,1.0,1.0,1.0,1.0,1.0
27,0.391,0.624,0.775,0.863,0.921,0.946,0.967,0.983,0.992,0.99,0.995,0.999,0.998,1.0,0.999,1.0,1.0,1.0,1.0,1.0
28,0.45,0.708,0.839,0.923,0.959,0.973,0.983,0.994,0.998,0.999,0.999,1.0,1.0,1.0,1.0,1.0,1.0,1.0,1.0,1.0
29,0.495,0.74,0.849,0.938,0.958,0.985,0.992,0.994,0.997,1.0,1.0,1.0,1.0,1.0,1.0,1.0,1.0,1.0,1.0,1.0
average,0.4742999999999999,0.7195999999999998,0.8468333333333331,0.9221000000000003,0.9551999999999999,0.9770999999999999,0.9862666666666663,0.9929000000000001,0.9967666666666669,0.9982333333333332,0.9989999999999998,0.9994333333333334,0.9997666666666667,0.9999,0.9998666666666666,0.9999666666666668,0.9999666666666667,1.0,1.0,0.9999666666666668
stdev,0.04129719870269236,0.0448603964807913,0.0395326868974692,0.02546309025859275,0.015844938275850633,0.011692467365934725,0.008403338143501256,0.004301964266672164,0.0028367457476449354,0.002238893404823224,0.0014855627054164162,0.0009714309861845781,0.0006789105539243633,0.00030512857662936497,0.0004341724854553051,0.00018257418583505553,0.00018257418583505553,0.0,0.0,0.00018257418583505553

1 image, 150 features
0,0.469,0.7,0.839,0.927,0.957,0.974,0.989,0.998,0.996,1.0,0.999,1.0,1.0,1.0,1.0,1.0,1.0,1.0,1.0,1.0
1,0.442,0.714,0.814,0.912,0.926,0.976,0.991,0.995,0.992,0.999,0.999,0.999,1.0,0.999,1.0,0.999,1.0,1.0,1.0,1.0
2,0.477,0.7,0.849,0.913,0.958,0.983,0.991,0.99,0.994,0.998,1.0,0.998,1.0,1.0,1.0,1.0,1.0,1.0,1.0,1.0
3,0.452,0.691,0.835,0.897,0.94,0.967,0.983,0.987,0.997,0.999,0.999,0.998,0.999,1.0,1.0,1.0,1.0,1.0,1.0,1.0
4,0.346,0.543,0.714,0.812,0.869,0.925,0.924,0.959,0.975,0.98,0.994,0.993,0.996,0.997,0.998,0.999,1.0,0.998,0.998,1.0
5,0.482,0.752,0.85,0.926,0.957,0.972,0.988,0.997,0.997,0.999,1.0,1.0,1.0,1.0,1.0,1.0,1.0,1.0,1.0,1.0
6,0.408,0.664,0.776,0.868,0.917,0.95,0.965,0.98,0.988,0.995,0.996,0.998,1.0,0.999,1.0,1.0,1.0,1.0,1.0,1.0
7,0.429,0.687,0.818,0.896,0.94,0.968,0.976,0.987,0.989,0.995,0.998,0.998,1.0,0.998,1.0,1.0,1.0,1.0,1.0,1.0
8,0.433,0.682,0.811,0.889,0.937,0.971,0.982,0.995,0.998,0.997,0.996,1.0,0.999,1.0,1.0,1.0,1.0,1.0,1.0,1.0
9,0.364,0.627,0.759,0.855,0.913,0.945,0.969,0.975,0.986,0.992,0.997,0.996,0.998,1.0,0.999,1.0,1.0,1.0,0.999,1.0
10,0.476,0.722,0.845,0.916,0.953,0.974,0.99,0.993,0.999,1.0,0.999,1.0,1.0,1.0,1.0,1.0,1.0,1.0,1.0,1.0
11,0.419,0.689,0.82,0.906,0.95,0.956,0.982,0.987,0.995,0.996,0.996,0.999,0.999,1.0,1.0,1.0,1.0,1.0,0.999,1.0
12,0.44,0.689,0.815,0.886,0.943,0.97,0.976,0.987,0.995,0.997,0.999,1.0,0.998,1.0,1.0,1.0,1.0,1.0,1.0,1.0
13,0.513,0.764,0.882,0.93,0.967,0.973,0.995,0.996,0.998,0.999,0.999,1.0,1.0,1.0,1.0,1.0,1.0,1.0,1.0,1.0
14,0.518,0.771,0.874,0.936,0.969,0.99,0.993,0.994,0.999,0.999,0.999,1.0,1.0,1.0,1.0,1.0,1.0,1.0,1.0,1.0
15,0.369,0.606,0.755,0.833,0.892,0.933,0.963,0.971,0.985,0.989,0.994,0.996,0.996,1.0,0.996,0.999,1.0,1.0,0.998,1.0
16,0.41,0.641,0.774,0.853,0.928,0.961,0.973,0.987,0.993,0.993,0.997,0.999,1.0,0.999,1.0,0.999,1.0,1.0,1.0,1.0
17,0.457,0.67,0.806,0.884,0.924,0.957,0.978,0.992,0.997,0.997,0.997,0.998,0.997,1.0,1.0,1.0,1.0,1.0,1.0,1.0
18,0.432,0.679,0.797,0.894,0.955,0.976,0.987,0.988,0.997,0.999,0.999,1.0,0.998,0.999,1.0,1.0,1.0,1.0,1.0,1.0
19,0.382,0.601,0.782,0.87,0.929,0.953,0.975,0.98,0.988,0.996,0.998,0.996,0.997,0.999,1.0,1.0,1.0,1.0,1.0,1.0
20,0.437,0.676,0.819,0.907,0.95,0.977,0.987,0.99,0.994,0.996,0.999,1.0,1.0,0.999,1.0,0.999,1.0,1.0,1.0,1.0
21,0.502,0.75,0.865,0.951,0.978,0.989,0.993,0.999,0.999,0.999,0.999,1.0,1.0,1.0,1.0,1.0,1.0,1.0,1.0,1.0
22,0.368,0.629,0.773,0.871,0.918,0.945,0.962,0.978,0.989,0.993,0.994,0.998,0.997,1.0,0.999,1.0,1.0,1.0,1.0,1.0
23,0.458,0.696,0.817,0.917,0.941,0.975,0.99,0.993,0.995,0.996,0.998,0.999,0.998,0.999,1.0,1.0,1.0,1.0,1.0,1.0
24,0.507,0.778,0.892,0.929,0.969,0.984,0.994,0.997,0.997,0.999,1.0,1.0,1.0,1.0,1.0,1.0,1.0,1.0,1.0,1.0
25,0.479,0.7,0.863,0.909,0.955,0.98,0.981,0.998,0.997,0.998,0.999,1.0,1.0,1.0,1.0,1.0,1.0,1.0,1.0,1.0
26,0.497,0.718,0.85,0.931,0.959,0.975,0.995,0.995,0.998,0.997,0.999,1.0,0.998,1.0,1.0,1.0,1.0,1.0,1.0,1.0
27,0.468,0.729,0.852,0.935,0.956,0.982,0.992,0.99,0.999,0.999,1.0,1.0,1.0,1.0,1.0,1.0,1.0,1.0,1.0,1.0
28,0.435,0.637,0.796,0.871,0.937,0.963,0.978,0.987,0.991,0.993,0.999,0.999,1.0,1.0,1.0,1.0,0.998,1.0,1.0,1.0
29,0.387,0.594,0.782,0.857,0.907,0.932,0.971,0.985,0.989,0.991,0.993,0.999,0.999,0.999,1.0,0.999,1.0,1.0,1.0,1.0
average,0.44186666666666663,0.6832999999999999,0.8174666666666667,0.8960333333333332,0.9397999999999999,0.9658666666666669,0.9804333333333334,0.9883333333333332,0.9935333333333333,0.9959999999999998,0.9978333333333331,0.9987666666666667,0.9989666666666667,0.9995666666666665,0.9997333333333334,0.9998,0.9999333333333333,0.9999333333333333,0.9998,1.0
stdev,0.04729564632098329,0.055798374713692644,0.041642760958297234,0.033392631164554175,0.02429190300746602,0.016978146873683462,0.014521525837310558,0.008995528902176081,0.005475546474590674,0.004152273992687002,0.002001436265894267,0.0016750364552560598,0.001325696520463043,0.0007279320417946069,0.000827681986794668,0.0004068381021724866,0.00036514837167011106,0.00036514837167011106,0.0005508613944197483,0.0